exact_group_id,sha256,group_size,is_representative,representative_path,path,relative_path,file_size_bytes,width,height,format
exact_000000,2798340b5587944d5ae35b3928aaab75999bc826412886849feabf17191e77cf,2,True,/home/ssparzival/Imágenes/Ente Photos/Twitter/x5sn192ee1mg1.jpeg,/home/ssparzival/Imágenes/Ente Photos/Twitter/x5sn192ee1mg1.jpeg,x5sn192ee1mg1.jpeg,1163160,4583,6367,JPEG
exact_000000,2798340b5587944d5ae35b3928aaab75999bc826412886849feabf17191e77cf,2,False,/home/ssparzival/Imágenes/Ente Photos/Twitter/x5sn192ee1mg1.jpeg,/home/ssparzival/Imágenes/Ente Photos/Twitter/x5sn192ee1mg1.jpeg,x5sn192ee1mg1.jpeg,1163160,4583,6367,JPEG
exact_000001,2835b0447b7fab6c40e3a3e73bbc44c844858f2afc5376db4b802d1e5c8a1905,2,True,/home/ssparzival/Imágenes/Ente Photos/Twitter/IMG_4660.JPG,/home/ssparzival/Imágenes/Ente Photos/Twitter/IMG_4660.JPG,IMG_4660.JPG,1071658,2896,4096,JPEG
exact_000001,2835b0447b7fab6c40e3a3e73bbc44c844858f2afc5376db4b802d1e5c8a1905,2,False,/home/ssparzival/Imágenes/Ente Photos/Twitter/IMG_4660.JPG,/home/ssparzival/Imágenes/Ente Photos/Twitter/IMG_4660.JPG,IMG_4660.JPG,1071658,2896,4096,JPEG
exact_000002,39c84364d170d39c808e0ec68005eacb2f00cf2d3ef80ea475e8326d522ce324,2,True,/home/ssparzival/Imágenes/Ente Photos/Twitter/IMG_9990.JPG,/home/ssparzival/Imágenes/Ente Photos/Twitter/IMG_9990.JPG,IMG_9990.JPG,80856,832,1216,JPEG
exact_000002,39c84364d170d39c808e0ec68005eacb2f00cf2d3ef80ea475e8326d522ce324,2,False,/home/ssparzival/Imágenes/Ente Photos/Twitter/IMG_9990.JPG,/home/ssparzival/Imágenes/Ente Photos/Twitter/IMG_9990.JPG,IMG_9990.JPG,80856,832,1216,JPEG
exact_000003,3feb80611e29fffa96b1daaa9cc621c81dceceac8dbb6b1a7326b28002756195,2,True,/home/ssparzival/Imágenes/Ente Photos/Twitter/HFIt4ofbQAAs0ps.jpeg,/home/ssparzival/Imágenes/Ente Photos/Twitter/HFIt4ofbQAAs0ps.jpeg,HFIt4ofbQAAs0ps.jpeg,962977,2795,4096,JPEG
exact_000003,3feb80611e29fffa96b1daaa9cc621c81dceceac8dbb6b1a7326b28002756195,2,False,/home/ssparzival/Imágenes/Ente Photos/Twitter/HFIt4ofbQAAs0ps.jpeg,/home/ssparzival/Imágenes/Ente Photos/Twitter/HFIt4ofbQAAs0ps.jpeg,HFIt4ofbQAAs0ps.jpeg,962977,2795,4096,JPEG
exact_000004,45006b598b67c2cd20e998b8f81a6b47e523afc49105e88150ca8f230a6593be,2,True,/home/ssparzival/Imágenes/Ente Photos/Twitter/20260304_171237.jpg,/home/ssparzival/Imágenes/Ente Photos/Twitter/20260304_171237.jpg,20260304_171237.jpg,370981,1468,2048,JPEG
exact_000004,45006b598b67c2cd20e998b8f81a6b47e523afc49105e88150ca8f230a6593be,2,False,/home/ssparzival/Imágenes/Ente Photos/Twitter/20260304_171237.jpg,/home/ssparzival/Imágenes/Ente Photos/Twitter/20260304_171237.jpg,20260304_171237.jpg,370981,1468,2048,JPEG
exact_000005,4570e6af93e675a60492c87e08fce54be294746afffe371bb6e0c17dbb3b5340,2,True,/home/ssparzival/Imágenes/Ente Photos/Twitter/HIpQHSYa4AADebG (1).jpeg,/home/ssparzival/Imágenes/Ente Photos/Twitter/HIpQHSYa4AADebG (1).jpeg,HIpQHSYa4AADebG (1).jpeg,450859,2048,3134,JPEG
exact_000005,4570e6af93e675a60492c87e08fce54be294746afffe371bb6e0c17dbb3b5340,2,False,/home/ssparzival/Imágenes/Ente Photos/Twitter/HIpQHSYa4AADebG (1).jpeg,/home/ssparzival/Imágenes/Ente Photos/Twitter/HIpQHSYa4AADebG.jpeg,HIpQHSYa4AADebG.jpeg,450859,2048,3134,JPEG
exact_000006,4cacf9cb59af6d537117b77164d14ea7f104df7fdeb9596f339184c4ff036dd3,2,True,/home/ssparzival/Imágenes/Ente Photos/Twitter/20260225_133801.jpg,/home/ssparzival/Imágenes/Ente Photos/Twitter/20260225_133801.jpg,20260225_133801.jpg,303720,1232,2048,JPEG
exact_000006,4cacf9cb59af6d537117b77164d14ea7f104df7fdeb9596f339184c4ff036dd3,2,False,/home/ssparzival/Imágenes/Ente Photos/Twitter/20260225_133801.jpg,/home/ssparzival/Imágenes/Ente Photos/Twitter/20260225_133801.jpg,20260225_133801.jpg,303720,1232,2048,JPEG
exact_000007,546634b8f082fff8c2225208a1ebf1ac8260d1c77ed99199c378c949391d52f0,2,True,/home/ssparzival/Imágenes/Ente Photos/Twitter/IMG_8109.JPG,/home/ssparzival/Imágenes/Ente Photos/Twitter/IMG_8109.JPG,IMG_8109.JPG,345959,2048,1792,JPEG
exact_000007,546634b8f082fff8c2225208a1ebf1ac8260d1c77ed99199c378c949391d52f0,2,False,/home/ssparzival/Imágenes/Ente Photos/Twitter/IMG_8109.JPG,/home/ssparzival/Imágenes/Ente Photos/Twitter/IMG_8109.JPG,IMG_8109.JPG,345959,2048,1792,JPEG
exact_000008,627d3dd84fa7e7128d171ad3e12d4f613eacf00fbae3d13ccd02c88cdd63c43d,2,True,/home/ssparzival/Imágenes/Ente Photos/Twitter/IMG_8114.JPG,/home/ssparzival/Imágenes/Ente Photos/Twitter/IMG_8114.JPG,IMG_8114.JPG,117457,952,1155,JPEG
exact_000008,627d3dd84fa7e7128d171ad3e12d4f613eacf00fbae3d13ccd02c88cdd63c43d,2,False,/home/ssparzival/Imágenes/Ente Photos/Twitter/IMG_8114.JPG,/home/ssparzival/Imágenes/Ente Photos/Twitter/IMG_8114.JPG,IMG_8114.JPG,117457,952,1155,JPEG
exact_000009,6400889e7bfc7791efc00edf4de995ae3b7d4bb8ae6b60bd93249d15ef375ddf,2,True,/home/ssparzival/Imágenes/Ente Photos/Twitter/IMG_7898.JPG,/home/ssparzival/Imágenes/Ente Photos/Twitter/IMG_7898.JPG,IMG_7898.JPG,172048,1216,2048,JPEG
exact_000009,6400889e7bfc7791efc00edf4de995ae3b7d4bb8ae6b60bd93249d15ef375ddf,2,False,/home/ssparzival/Imágenes/Ente Photos/Twitter/IMG_7898.JPG,/home/ssparzival/Imágenes/Ente Photos/Twitter/IMG_7898.JPG,IMG_7898.JPG,172048,1216,2048,JPEG
exact_000010,67bbfa1dc3f19f07511884bdf1824f8dd01fdcd61821e59fbd487d3ae68de243,2,True,/home/ssparzival/Imágenes/Ente Photos/Twitter/20260131_080217.jpg,/home/ssparzival/Imágenes/Ente Photos/Twitter/20260131_080217.jpg,20260131_080217.jpg,567184,2048,1448,JPEG
exact_000010,67bbfa1dc3f19f07511884bdf1824f8dd01fdcd61821e59fbd487d3ae68de243,2,False,/home/ssparzival/Imágenes/Ente Photos/Twitter/20260131_080217.jpg,/home/ssparzival/Imágenes/Ente Photos/Twitter/20260131_080217.jpg,20260131_080217.jpg,567184,2048,1448,JPEG
exact_000011,6c23f7e4129a216c7e152c591dbd7722679e53be2d6262db2c5b8b3201708000,2,True,/home/ssparzival/Imágenes/Ente Photos/Twitter/20260409_135611.jpg,/home/ssparzival/Imágenes/Ente Photos/Twitter/20260409_135611.jpg,20260409_135611.jpg,163824,1013,1462,JPEG
exact_000011,6c23f7e4129a216c7e152c591dbd7722679e53be2d6262db2c5b8b3201708000,2,False,/home/ssparzival/Imágenes/Ente Photos/Twitter/20260409_135611.jpg,/home/ssparzival/Imágenes/Ente Photos/Twitter/20260409_135611.jpg,20260409_135611.jpg,163824,1013,1462,JPEG
exact_000012,78bee704d61114f80187d46490329814029e3673bbbe42c3e3f9cc440150c309,3,True,/home/ssparzival/Imágenes/Ente Photos/Twitter/IMG_1434.JPG,/home/ssparzival/Imágenes/Ente Photos/Twitter/IMG_1434.JPG,IMG_1434.JPG,137279,878,878,JPEG
exact_000012,78bee704d61114f80187d46490329814029e3673bbbe42c3e3f9cc440150c309,3,False,/home/ssparzival/Imágenes/Ente Photos/Twitter/IMG_1434.JPG,/home/ssparzival/Imágenes/Ente Photos/Twitter/IMG_1434.JPG,IMG_1434.JPG,137279,878,878,JPEG
exact_000012,78bee704d61114f80187d46490329814029e3673bbbe42c3e3f9cc440150c309,3,False,/home/ssparzival/Imágenes/Ente Photos/Twitter/IMG_1434.JPG,/home/ssparzival/Imágenes/Ente Photos/Twitter/IMG_1434.JPG,IMG_1434.JPG,137279,878,878,JPEG
exact_000013,91411804980454d6d27d482a087a15607ce79b12e3a08c46c5dcf1c4f2b847a5,2,True,/home/ssparzival/Imágenes/Ente Photos/Twitter/bfzis8f88nrg1.jpeg,/home/ssparzival/Imágenes/Ente Photos/Twitter/bfzis8f88nrg1.jpeg,bfzis8f88nrg1.jpeg,127491,850,1134,JPEG
exact_000013,91411804980454d6d27d482a087a15607ce79b12e3a08c46c5dcf1c4f2b847a5,2,False,/home/ssparzival/Imágenes/Ente Photos/Twitter/bfzis8f88nrg1.jpeg,/home/ssparzival/Imágenes/Ente Photos/Twitter/bfzis8f88nrg1.jpeg,bfzis8f88nrg1.jpeg,127491,850,1134,JPEG
exact_000014,b8de825c5aabe5d1f4b9227d6b9fc128a6317f82d3743a20089e0bb9ab6b5582,2,True,/home/ssparzival/Imágenes/Ente Photos/Twitter/20260401_142730.jpg,/home/ssparzival/Imágenes/Ente Photos/Twitter/20260401_142730.jpg,20260401_142730.jpg,292598,1122,2048,JPEG
exact_000014,b8de825c5aabe5d1f4b9227d6b9fc128a6317f82d3743a20089e0bb9ab6b5582,2,False,/home/ssparzival/Imágenes/Ente Photos/Twitter/20260401_142730.jpg,/home/ssparzival/Imágenes/Ente Photos/Twitter/20260401_142730.jpg,20260401_142730.jpg,292598,1122,2048,JPEG
exact_000015,bd92807e4af4853f1535e383f1ba6741ebde2f789ff7494d96d9980dd6481c9b,2,True,/home/ssparzival/Imágenes/Ente Photos/Twitter/20260309_172340.jpg,/home/ssparzival/Imágenes/Ente Photos/Twitter/20260309_172340.jpg,20260309_172340.jpg,553809,1536,2048,JPEG
exact_000015,bd92807e4af4853f1535e383f1ba6741ebde2f789ff7494d96d9980dd6481c9b,2,False,/home/ssparzival/Imágenes/Ente Photos/Twitter/20260309_172340.jpg,/home/ssparzival/Imágenes/Ente Photos/Twitter/HC_mmYMWwAAITZW.jpeg,HC_mmYMWwAAITZW.jpeg,553809,1536,2048,JPEG
exact_000016,e77986a30aa571e7ef6e640b887664b865b2e5877c0bd735181ff259be43ecd3,2,True,/home/ssparzival/Imágenes/Ente Photos/Twitter/20260105_125051.jpg,/home/ssparzival/Imágenes/Ente Photos/Twitter/20260105_125051.jpg,20260105_125051.jpg,436131,1485,2048,JPEG
exact_000016,e77986a30aa571e7ef6e640b887664b865b2e5877c0bd735181ff259be43ecd3,2,False,/home/ssparzival/Imágenes/Ente Photos/Twitter/20260105_125051.jpg,/home/ssparzival/Imágenes/Ente Photos/Twitter/20260105_125051.jpg,20260105_125051.jpg,436131,1485,2048,JPEG
exact_000017,f2c1e2d25f18682863433711e2fc7dfac83c615845385e9d6af9e815cb523fed,2,True,/home/ssparzival/Imágenes/Ente Photos/Twitter/20260220_154950.jpg,/home/ssparzival/Imágenes/Ente Photos/Twitter/20260220_154950.jpg,20260220_154950.jpg,1159535,1536,2048,JPEG
exact_000017,f2c1e2d25f18682863433711e2fc7dfac83c615845385e9d6af9e815cb523fed,2,False,/home/ssparzival/Imágenes/Ente Photos/Twitter/20260220_154950.jpg,/home/ssparzival/Imágenes/Ente Photos/Twitter/20260220_154950.jpg,20260220_154950.jpg,1159535,1536,2048,JPEG
exact_000018,fd665442e295ed658c2702ef6de9bbb1351b7ca7db99a9e8e0a688f75683d9fa,2,True,/home/ssparzival/Imágenes/Ente Photos/Twitter/IMG_1640.JPG,/home/ssparzival/Imágenes/Ente Photos/Twitter/IMG_1640.JPG,IMG_1640.JPG,564973,1444,2048,JPEG
exact_000018,fd665442e295ed658c2702ef6de9bbb1351b7ca7db99a9e8e0a688f75683d9fa,2,False,/home/ssparzival/Imágenes/Ente Photos/Twitter/IMG_1640.JPG,/home/ssparzival/Imágenes/Ente Photos/Twitter/IMG_1640.JPG,IMG_1640.JPG,564973,1444,2048,JPEG
