perceptual_group_id,group_size,is_representative,representative_path,path,relative_path,file_size_bytes,width,height,format,phash,dhash,whash,colorhash
perceptual_000000,2,True,/home/ssparzival/Imágenes/Ente Photos/Twitter/20251021_071749.jpg,/home/ssparzival/Imágenes/Ente Photos/Twitter/20251021_071749.jpg,20251021_071749.jpg,809639,2741,4096,JPEG,bf9b96b140c2adc2,2a7c772312160e24,ff0f3f808083c6f2,07403040000
perceptual_000000,2,False,/home/ssparzival/Imágenes/Ente Photos/Twitter/20251021_071749.jpg,/home/ssparzival/Imágenes/Ente Photos/Twitter/HFaXpIoW4AAgz45.jpeg,HFaXpIoW4AAgz45.jpeg,310147,1371,2048,JPEG,bf9b96b140c2adc2,2a7c772312160e24,ff0f3f808083c6f2,07403040000
perceptual_000001,2,True,/home/ssparzival/Imágenes/Ente Photos/Twitter/20251021_072338.jpg,/home/ssparzival/Imágenes/Ente Photos/Twitter/20251021_072338.jpg,20251021_072338.jpg,398419,1643,1938,JPEG,8d9e321d8f72a70c,7531717172729169,9f9fbdbd3a1a0001,0b401000080
perceptual_000001,2,False,/home/ssparzival/Imágenes/Ente Photos/Twitter/20251021_072338.jpg,/home/ssparzival/Imágenes/Ente Photos/Twitter/20251022_164551.jpg,20251022_164551.jpg,390969,1640,1936,JPEG,8dbc321d8f72a52c,753171717272d9e9,9f9fbdbd3a3a0000,0b401000080
perceptual_000002,2,True,/home/ssparzival/Imágenes/Ente Photos/Twitter/20251110_070933.jpg,/home/ssparzival/Imágenes/Ente Photos/Twitter/20251110_070933.jpg,20251110_070933.jpg,375084,1062,1717,JPEG,bc9916da8bd04e47,3c3e6617171104e6,1e0f07cffffc8000,07007000000
perceptual_000002,2,False,/home/ssparzival/Imágenes/Ente Photos/Twitter/20251110_070933.jpg,/home/ssparzival/Imágenes/Ente Photos/Twitter/HGxEj_3b0AAhgri.jpeg,HGxEj_3b0AAhgri.jpeg,1052193,2302,3719,JPEG,bc9916da8bd04e47,3c3e661e2f1106e6,1f0f07cfffc4c020,07007000000
perceptual_000003,2,True,/home/ssparzival/Imágenes/Ente Photos/Twitter/20251119_152448.jpg,/home/ssparzival/Imágenes/Ente Photos/Twitter/20251119_152448.jpg,20251119_152448.jpg,184820,1407,2048,JPEG,b4c3923cc93a9ec3,1d0d8e9392361e96,e7c7c3c1c383c3c2,07200180000
perceptual_000003,2,False,/home/ssparzival/Imágenes/Ente Photos/Twitter/20251119_152448.jpg,/home/ssparzival/Imágenes/Ente Photos/Twitter/20260414_182023.jpg,20260414_182023.jpg,46529,535,777,JPEG,b4c9923ecd389ac3,0c8e1e02062d0f8f,e7c3c3c3e38383c1,06001c00040
perceptual_000004,2,True,/home/ssparzival/Imágenes/Ente Photos/Twitter/20251225_110307.jpg,/home/ssparzival/Imágenes/Ente Photos/Twitter/20251225_110307.jpg,20251225_110307.jpg,296430,1439,2048,JPEG,bbcec5b1c03bc312,4b333b3b1f1a1b39,ff9b8181818b878f,060001c0000
perceptual_000004,2,False,/home/ssparzival/Imágenes/Ente Photos/Twitter/20251225_110307.jpg,/home/ssparzival/Imágenes/Ente Photos/Twitter/20251226_093809.jpg,20251226_093809.jpg,250085,1439,2048,JPEG,bbcec5b1c23bc310,4b373b3b1f1a1b3d,ff938181818b8f8f,06000180000
perceptual_000005,2,True,/home/ssparzival/Imágenes/Ente Photos/Twitter/20260104_182913.jpg,/home/ssparzival/Imágenes/Ente Photos/Twitter/20260104_182913.jpg,20260104_182913.jpg,370428,2460,4096,JPEG,b13ec3c3c66d1839,0c0f17170f1f564a,e7c78081c1c3e3eb,07401400000
perceptual_000005,2,False,/home/ssparzival/Imágenes/Ente Photos/Twitter/20260104_182913.jpg,/home/ssparzival/Imágenes/Ente Photos/Twitter/20260201_153528.jpg,20260201_153528.jpg,693591,2460,4096,JPEG,e53e93c3c66c1839,0d0e17070e17565a,e7838181c3c3e3eb,07c02000000
perceptual_000006,2,True,/home/ssparzival/Imágenes/Ente Photos/Twitter/20260120_111643.jpg,/home/ssparzival/Imágenes/Ente Photos/Twitter/20260120_111643.jpg,20260120_111643.jpg,333141,1399,2048,JPEG,ea3e96d8a1a5c1e8,3d2d0b4711312504,8f818181c0f8f5ff,070001c0000
perceptual_000006,2,False,/home/ssparzival/Imágenes/Ente Photos/Twitter/20260120_111643.jpg,/home/ssparzival/Imágenes/Ente Photos/Twitter/20260223_012743.jpg,20260223_012743.jpg,407622,1455,2048,JPEG,ea2e96d8a1a1e1e9,1d2d0b431121290d,c781c181d0f8fcfc,070001c0000
perceptual_000007,2,True,/home/ssparzival/Imágenes/Ente Photos/Twitter/20260121_130451.jpg,/home/ssparzival/Imágenes/Ente Photos/Twitter/20260121_130451.jpg,20260121_130451.jpg,417783,1331,2048,JPEG,bc1b66cbb292a495,4d33361d17238e86,a580c2078bf3efc3,070001c0000
perceptual_000007,2,False,/home/ssparzival/Imágenes/Ente Photos/Twitter/20260121_130451.jpg,/home/ssparzival/Imágenes/Ente Photos/Twitter/20260324_133206.jpg,20260324_133206.jpg,432998,1331,2048,JPEG,bc5b26cba292a4d5,4d33361d13038e86,a780c2078bf3ef43,060001c0000
perceptual_000008,2,True,/home/ssparzival/Imágenes/Ente Photos/Twitter/20260125_002228.jpg,/home/ssparzival/Imágenes/Ente Photos/Twitter/20260125_002228.jpg,20260125_002228.jpg,365830,1483,2048,JPEG,f84db3c50f8d2332,4a151537210a1c19,ebc0c193818bdfc5,06e00000000
perceptual_000008,2,False,/home/ssparzival/Imágenes/Ente Photos/Twitter/20260125_002228.jpg,/home/ssparzival/Imágenes/Ente Photos/Twitter/IMG_0972.JPG,IMG_0972.JPG,2661198,1616,2232,JPEG,f84db3850f8d23b2,4a151537291a1c19,ebc0c193818bdfc5,06e00000000
perceptual_000009,2,True,/home/ssparzival/Imágenes/Ente Photos/Twitter/20260131_223732.jpg,/home/ssparzival/Imágenes/Ente Photos/Twitter/20260131_223732.jpg,20260131_223732.jpg,287776,1490,2048,JPEG,f0d8a5a78b2e461d,03923115170f060e,ffc8c8c1c1e383c3,06012040000
perceptual_000009,2,False,/home/ssparzival/Imágenes/Ente Photos/Twitter/20260131_223732.jpg,/home/ssparzival/Imágenes/Ente Photos/Twitter/20260414_184319.jpg,20260414_184319.jpg,278367,1491,2048,JPEG,f0d8a5a78b2eca34,0a923111150f0e0e,ffdac0c1c1c383c3,06012080000
perceptual_000010,2,True,/home/ssparzival/Imágenes/Ente Photos/Twitter/20260202_082815.jpg,/home/ssparzival/Imágenes/Ente Photos/Twitter/20260202_082815.jpg,20260202_082815.jpg,182313,1224,1727,JPEG,e9c1d23e949c935a,0e0b9316372b3333,f7e1c3c3818181df,07000410010
perceptual_000010,2,False,/home/ssparzival/Imágenes/Ente Photos/Twitter/20260202_082815.jpg,/home/ssparzival/Imágenes/Ente Photos/Twitter/20260328_084132.jpg,20260328_084132.jpg,303304,482,680,PNG,e9c1d23e949c935a,0e0b9316372b3333,f7e1c3c3818181df,0f000410008
perceptual_000011,2,True,/home/ssparzival/Imágenes/Ente Photos/Twitter/20260205_092323.jpg,/home/ssparzival/Imágenes/Ente Photos/Twitter/20260205_092323.jpg,20260205_092323.jpg,1137689,900,1507,JPEG,f4e4b881ca079bcd,9d140444909c5c17,ffe7e6e0f80600c1,07200040006
perceptual_000011,2,False,/home/ssparzival/Imágenes/Ente Photos/Twitter/20260205_092323.jpg,/home/ssparzival/Imágenes/Ente Photos/Twitter/20260414_184351.jpg,20260414_184351.jpg,1088782,900,1507,JPEG,f4e4b080ea079bdd,9d147464909c5c17,ffc7eeb0f80600c1,07400040006
perceptual_000012,2,True,/home/ssparzival/Imágenes/Ente Photos/Twitter/20260219_034143.jpg,/home/ssparzival/Imágenes/Ente Photos/Twitter/20260219_034143.jpg,20260219_034143.jpg,157795,1755,2048,JPEG,ef648d2896949a9b,2602030c492b6760,f3e1f1e0a0c1833f,070001c0000
perceptual_000012,2,False,/home/ssparzival/Imágenes/Ente Photos/Twitter/20260219_034143.jpg,/home/ssparzival/Imágenes/Ente Photos/Twitter/20260222_152732.jpg,20260222_152732.jpg,216306,1755,2048,JPEG,ef6485309696da99,2606030c010b6760,f3e3f0e0e0c1813f,07600180000
perceptual_000013,2,True,/home/ssparzival/Imágenes/Ente Photos/Twitter/20260307_153022.jpg,/home/ssparzival/Imágenes/Ente Photos/Twitter/20260307_153022.jpg,20260307_153022.jpg,188834,1200,1515,JPEG,ec355bedc68c9092,66270d2606933329,b38183c3c3c3f1f8,0e400030000
perceptual_000013,2,False,/home/ssparzival/Imágenes/Ente Photos/Twitter/20260307_153022.jpg,/home/ssparzival/Imágenes/Ente Photos/Twitter/20260321_154347.jpg,20260321_154347.jpg,284707,1622,2048,JPEG,ec355bedc68c9092,66270d2606933329,b38183c3c3c3f1f8,0e400070000
perceptual_000014,2,True,/home/ssparzival/Imágenes/Ente Photos/Twitter/20260307_153713.jpg,/home/ssparzival/Imágenes/Ente Photos/Twitter/20260307_153713.jpg,20260307_153713.jpg,758812,3166,4096,JPEG,f698d5c301ca1f87,982c25b54f2b8ec6,7edfdfc10381e022,0e007000000
perceptual_000014,2,False,/home/ssparzival/Imágenes/Ente Photos/Twitter/20260307_153713.jpg,/home/ssparzival/Imágenes/Ente Photos/Twitter/20260311_142758.jpg,20260311_142758.jpg,1004793,3166,4096,JPEG,f698d54b01c81fc7,982c25b54f2b8ece,7edfdfc10381e022,0f007000000
perceptual_000015,2,True,/home/ssparzival/Imágenes/Ente Photos/Twitter/20260309_172340.jpg,/home/ssparzival/Imágenes/Ente Photos/Twitter/20260309_172340.jpg,20260309_172340.jpg,553809,1536,2048,JPEG,aeb89d18226fe01f,313563496d356166,9f9fb12104d190fb,07006280000
perceptual_000015,2,False,/home/ssparzival/Imágenes/Ente Photos/Twitter/20260309_172340.jpg,/home/ssparzival/Imágenes/Ente Photos/Twitter/HC_mmYMWwAAITZW.jpeg,HC_mmYMWwAAITZW.jpeg,553809,1536,2048,JPEG,aeb89d18226fe01f,313563496d356166,9f9fb12104d190fb,07006280000
perceptual_000016,2,True,/home/ssparzival/Imágenes/Ente Photos/Twitter/20260313_091318.jpg,/home/ssparzival/Imágenes/Ente Photos/Twitter/20260313_091318.jpg,20260313_091318.jpg,240210,2048,2048,JPEG,afc3e4cb34b1ce20,426b615d77731e06,ffb939010199c7c3,07000180000
perceptual_000016,2,False,/home/ssparzival/Imágenes/Ente Photos/Twitter/20260313_091318.jpg,/home/ssparzival/Imágenes/Ente Photos/Twitter/HG7erstboAIr2A- (1).jpeg,HG7erstboAIr2A- (1).jpeg,570195,4000,4000,JPEG,afc3e4cb34b1ce20,426b615d77731e06,ffb939010199c7c3,07000180000
perceptual_000017,2,True,/home/ssparzival/Imágenes/Ente Photos/Twitter/20260313_103806.jpg,/home/ssparzival/Imágenes/Ente Photos/Twitter/20260313_103806.jpg,20260313_103806.jpg,480210,1412,2000,JPEG,85ae5e96e0c89c97,254c7287ded478e3,973ebf736e3e0000,120003c0000
perceptual_000017,2,False,/home/ssparzival/Imágenes/Ente Photos/Twitter/20260313_103806.jpg,/home/ssparzival/Imágenes/Ente Photos/Twitter/20260322_120458.jpg,20260322_120458.jpg,477999,1445,2047,JPEG,85ae5e96e0c89c97,254c7287ded478e2,973ebf736e3e0000,120003c0000
perceptual_000018,2,True,/home/ssparzival/Imágenes/Ente Photos/Twitter/20260320_202411.jpg,/home/ssparzival/Imágenes/Ente Photos/Twitter/20260320_202411.jpg,20260320_202411.jpg,411379,1751,2048,JPEG,846cc5cd17e7951c,e6b1bc7cdcfac2d4,30701e060f7f7a3e,07658000000
perceptual_000018,2,False,/home/ssparzival/Imágenes/Ente Photos/Twitter/20260320_202411.jpg,/home/ssparzival/Imágenes/Ente Photos/Twitter/IMG_4379.JPG,IMG_4379.JPG,479780,1750,2048,JPEG,846cc5cd1737b519,d6e1bc7cd9bce6d4,30701e060f7f3e3e,07658000000
perceptual_000019,2,True,/home/ssparzival/Imágenes/Ente Photos/Twitter/20260321_154249.jpg,/home/ssparzival/Imágenes/Ente Photos/Twitter/20260321_154249.jpg,20260321_154249.jpg,408940,1627,2048,JPEG,e9a5dc8dd46a83c1,83034b0fd2fb11d0,fbf1c1c1db01c0f8,07400180000
perceptual_000019,2,False,/home/ssparzival/Imágenes/Ente Photos/Twitter/20260321_154249.jpg,/home/ssparzival/Imágenes/Ente Photos/Twitter/IMG_7907.JPG,IMG_7907.JPG,130581,715,900,JPEG,e9a5dc8dd46a83c1,83034b0fd2fb11d0,fbf1c1c1db01c0f8,07400180000
perceptual_000020,2,True,/home/ssparzival/Imágenes/Ente Photos/Twitter/20260322_072325.jpg,/home/ssparzival/Imágenes/Ente Photos/Twitter/20260322_072325.jpg,20260322_072325.jpg,334007,1448,2048,JPEG,fea8358477c08cb3,963733314c24dc1d,c38399f8acbeec80,07001e00000
perceptual_000020,2,False,/home/ssparzival/Imágenes/Ente Photos/Twitter/20260322_072325.jpg,/home/ssparzival/Imágenes/Ente Photos/Twitter/IMG_5682.JPG,IMG_5682.JPG,855342,2894,4093,JPEG,fea8358477c08cb3,963733314c24dc1d,c38399f8acbeec80,07001e00000
perceptual_000021,2,True,/home/ssparzival/Imágenes/Ente Photos/Twitter/20260322_224029.jpg,/home/ssparzival/Imágenes/Ente Photos/Twitter/20260322_224029.jpg,20260322_224029.jpg,85718,735,854,JPEG,bbc2e798a48b9558,3519597b35335157,ffad8d8b89898981,07c00000000
perceptual_000021,2,False,/home/ssparzival/Imágenes/Ente Photos/Twitter/20260322_224029.jpg,/home/ssparzival/Imágenes/Ente Photos/Twitter/IMG_3475.JPG,IMG_3475.JPG,467183,1764,2048,JPEG,bbc2e798a48b9558,3519597b35335157,ffa58d8f89898981,07e00040000
perceptual_000022,2,True,/home/ssparzival/Imágenes/Ente Photos/Twitter/20260325_223646.jpg,/home/ssparzival/Imágenes/Ente Photos/Twitter/20260325_223646.jpg,20260325_223646.jpg,147493,736,1288,JPEG,ff575128587418d9,164a3a2c33170708,80f0eef7ddc3e080,06400080002
perceptual_000022,2,False,/home/ssparzival/Imágenes/Ente Photos/Twitter/20260325_223646.jpg,/home/ssparzival/Imágenes/Ente Photos/Twitter/IMG_6068.JPG,IMG_6068.JPG,767804,1462,2559,JPEG,ff575128587418d9,164a3a2c33170708,80f0eef7ddc3e080,07600080002
perceptual_000023,2,True,/home/ssparzival/Imágenes/Ente Photos/Twitter/20260330_204607.jpg,/home/ssparzival/Imágenes/Ente Photos/Twitter/20260330_204607.jpg,20260330_204607.jpg,1211191,2846,4096,JPEG,c38c9a6b3a2ca1fc,61f0e24606c74e8d,3c3c7b00e3e1e347,0a401018000
perceptual_000023,2,False,/home/ssparzival/Imágenes/Ente Photos/Twitter/20260330_204607.jpg,/home/ssparzival/Imágenes/Ente Photos/Twitter/IMG_1914.JPG,IMG_1914.JPG,363944,1446,2048,JPEG,c39c9a633a2ca1fc,61f0e26646c74ecd,3c3c7b00e3e1e347,09401018000
perceptual_000024,2,True,/home/ssparzival/Imágenes/Ente Photos/Twitter/20260401_134825.jpg,/home/ssparzival/Imágenes/Ente Photos/Twitter/20260401_134825.jpg,20260401_134825.jpg,279322,1569,2048,JPEG,ea6c9985b5829ec3,9313212525695919,fbc180c1b4bd1d8d,06400440001
perceptual_000024,2,False,/home/ssparzival/Imágenes/Ente Photos/Twitter/20260401_134825.jpg,/home/ssparzival/Imágenes/Ente Photos/Twitter/IMG_1196.JPG,IMG_1196.JPG,399966,1966,2566,JPEG,ea6c9985b5829ec3,9313212525695919,fbc180c1b4bd1d8d,06400440001
perceptual_000025,2,True,/home/ssparzival/Imágenes/Ente Photos/Twitter/20260402_210734.jpg,/home/ssparzival/Imágenes/Ente Photos/Twitter/20260402_210734.jpg,20260402_210734.jpg,399369,1144,2048,JPEG,b1c941a46fb65267,d692393f1f1e9e9f,7b4f8f0707070f07,0ec000c0000
perceptual_000025,2,False,/home/ssparzival/Imágenes/Ente Photos/Twitter/20260402_210734.jpg,/home/ssparzival/Imágenes/Ente Photos/Twitter/IMG_5837.JPG,IMG_5837.JPG,467296,1232,2205,JPEG,b1c941a46fb65267,d692393f1f1e9e9f,7b4f8f0707070f07,0ec000c0000
perceptual_000026,2,True,/home/ssparzival/Imágenes/Ente Photos/Twitter/20260403_090909.jpg,/home/ssparzival/Imágenes/Ente Photos/Twitter/20260403_090909.jpg,20260403_090909.jpg,348689,1178,2000,JPEG,96492f5a7e4bb052,b1f3dc322c1c686f,00183f9bfc1f2f07,06402000040
perceptual_000026,2,False,/home/ssparzival/Imágenes/Ente Photos/Twitter/20260403_090909.jpg,/home/ssparzival/Imágenes/Ente Photos/Twitter/20260415_061318.jpg,20260415_061318.jpg,355773,1194,2047,JPEG,97492b5a7e4bb052,b1f3dc322c1c484f,00183f1bfc9f2f07,06402000040
perceptual_000027,2,True,/home/ssparzival/Imágenes/Ente Photos/Twitter/20260403_213854.jpg,/home/ssparzival/Imágenes/Ente Photos/Twitter/20260403_213854.jpg,20260403_213854.jpg,332467,1599,2048,JPEG,c44b3e90698d4f7c,f4e4e2f2f0f4b4a6,1004387a7efeff10,1a002180000
perceptual_000027,2,False,/home/ssparzival/Imágenes/Ente Photos/Twitter/20260403_213854.jpg,/home/ssparzival/Imágenes/Ente Photos/Twitter/IMG_4413.JPG,IMG_4413.JPG,362673,1573,2048,JPEG,c44b3e906b8d4f78,f4e462e2f0f4b426,1004387afcfeff10,1a002180000
perceptual_000028,2,True,/home/ssparzival/Imágenes/Ente Photos/Twitter/20260405_170604.jpg,/home/ssparzival/Imágenes/Ente Photos/Twitter/20260405_170604.jpg,20260405_170604.jpg,490819,1333,2048,JPEG,be9ee4321ab1d898,2c6d321e299f4787,8797cf07054783f1,060001c0000
perceptual_000028,2,False,/home/ssparzival/Imágenes/Ente Photos/Twitter/20260405_170604.jpg,/home/ssparzival/Imágenes/Ente Photos/Twitter/HEIKmxZaIAEO5-H.jpeg,HEIKmxZaIAEO5-H.jpeg,1498264,2281,3505,JPEG,be9ee4321ab1d898,2c6d321e299f4787,8797cf07054783f1,060001c0000
perceptual_000029,2,True,/home/ssparzival/Imágenes/Ente Photos/Twitter/20260405_232124.jpg,/home/ssparzival/Imágenes/Ente Photos/Twitter/20260405_232124.jpg,20260405_232124.jpg,127149,795,1200,JPEG,f5a5922e99d61853,ce46060612058898,f7e3e0f3c0c0e0cc,07e00000000
perceptual_000029,2,False,/home/ssparzival/Imágenes/Ente Photos/Twitter/20260405_232124.jpg,/home/ssparzival/Imágenes/Ente Photos/Twitter/20260503_001903.jpg,20260503_001903.jpg,789269,2736,4096,JPEG,f5a5922e99d61853,ce46060602050898,f7e3e0f3c0c0e0cc,07e00000000
perceptual_000030,2,True,/home/ssparzival/Imágenes/Ente Photos/Twitter/20260408_170459.jpg,/home/ssparzival/Imágenes/Ente Photos/Twitter/20260408_170459.jpg,20260408_170459.jpg,392004,1536,2048,JPEG,d26a7c767a53110e,052de9c8699e6031,c0c735e43d6f3c18,0720a000080
perceptual_000030,2,False,/home/ssparzival/Imágenes/Ente Photos/Twitter/20260408_170459.jpg,/home/ssparzival/Imágenes/Ente Photos/Twitter/HG3zqdMboAAY2oO.jpeg,HG3zqdMboAAY2oO.jpeg,735080,2500,3333,JPEG,d26a7c767a53110e,052de9c8699e6031,c0c735e43d6f3c18,0720a000080
perceptual_000031,2,True,/home/ssparzival/Imágenes/Ente Photos/Twitter/20260410_072919.jpg,/home/ssparzival/Imágenes/Ente Photos/Twitter/20260410_072919.jpg,20260410_072919.jpg,576686,1498,2048,PNG,bf9ce3c01386ce38,3333333b5153db49,ff9b9b0f88806929,07000000000
perceptual_000031,2,False,/home/ssparzival/Imágenes/Ente Photos/Twitter/20260410_072919.jpg,/home/ssparzival/Imágenes/Ente Photos/Twitter/20260410_140401.jpg,20260410_140401.jpg,412977,1498,2048,JPEG,bfbcc3c01782dc38,333333335351d94b,ff9b9b0f88086929,07c00000000
perceptual_000032,2,True,/home/ssparzival/Imágenes/Ente Photos/Twitter/20260411_222906.jpg,/home/ssparzival/Imágenes/Ente Photos/Twitter/20260411_222906.jpg,20260411_222906.jpg,128989,735,1057,JPEG,b7e6d82dea8181d4,331cdc5c2fdb7298,ff870f87830302de,064002c0000
perceptual_000032,2,False,/home/ssparzival/Imágenes/Ente Photos/Twitter/20260411_222906.jpg,/home/ssparzival/Imágenes/Ente Photos/Twitter/IMG_9252.JPG,IMG_9252.JPG,406125,1424,2048,JPEG,b7e6d82dea8181d4,331cdc5c2fdb7298,ff874f878303025e,064002c0000
perceptual_000033,2,True,/home/ssparzival/Imágenes/Ente Photos/Twitter/20260417_074644.jpg,/home/ssparzival/Imágenes/Ente Photos/Twitter/20260417_074644.jpg,20260417_074644.jpg,120701,833,1200,JPEG,e9c5124df693c836,0e96961fa7b31ead,ffe3e3e7f1010300,07206000000
perceptual_000033,2,False,/home/ssparzival/Imágenes/Ente Photos/Twitter/20260417_074644.jpg,/home/ssparzival/Imágenes/Ente Photos/Twitter/IMG_1644.JPG,IMG_1644.JPG,126828,842,1200,JPEG,e9c5334db693c826,0e96961fa7b31e0c,efe3e3e7f1010304,07006000000
perceptual_000034,2,True,/home/ssparzival/Imágenes/Ente Photos/Twitter/20260503_003104.jpg,/home/ssparzival/Imágenes/Ente Photos/Twitter/20260503_003104.jpg,20260503_003104.jpg,533511,656,874,PNG,b5f514c25bc298ea,2c260e444fcec7fb,c082ffe0e77f7008,06007000000
perceptual_000034,2,False,/home/ssparzival/Imágenes/Ente Photos/Twitter/20260503_003104.jpg,/home/ssparzival/Imágenes/Ente Photos/Twitter/HGtLCQxawAA0RXH.jpeg,HGtLCQxawAA0RXH.jpeg,1075406,2400,3200,JPEG,95f41dc65ac298ea,24260e004fcee179,d482e6f0bf7f3008,06007000000
perceptual_000035,2,True,/home/ssparzival/Imágenes/Ente Photos/Twitter/20260506_123523.jpg,/home/ssparzival/Imágenes/Ente Photos/Twitter/20260506_123523.jpg,20260506_123523.jpg,648548,1304,1950,JPEG,94273f1c6acc7592,7d7acce0ccbcb039,000f7efe7e1e1e08,07600080000
perceptual_000035,2,False,/home/ssparzival/Imágenes/Ente Photos/Twitter/20260506_123523.jpg,/home/ssparzival/Imágenes/Ente Photos/Twitter/20260506_123525.jpg,20260506_123525.jpg,627275,1304,1950,JPEG,94273f1e6acc5496,7d7accc0ecbcb039,000f7efe7e1e1e08,07c00080000
perceptual_000036,2,True,/home/ssparzival/Imágenes/Ente Photos/Twitter/89xn02z6ia2h1.jpeg,/home/ssparzival/Imágenes/Ente Photos/Twitter/89xn02z6ia2h1.jpeg,89xn02z6ia2h1.jpeg,636124,4096,3584,JPEG,e26227949c0f9c3f,858d01a1b9f14314,000040f0feff3dfe,03c00040000
perceptual_000036,2,False,/home/ssparzival/Imágenes/Ente Photos/Twitter/89xn02z6ia2h1.jpeg,/home/ssparzival/Imágenes/Ente Photos/Twitter/HIwfrGoaAAAgJGX.jpeg,HIwfrGoaAAAgJGX.jpeg,678095,4096,3584,JPEG,e26227949c0f9c3f,858d01a1b9f14114,000040f0feff3dfe,03c00000000
perceptual_000037,2,True,/home/ssparzival/Imágenes/Ente Photos/Twitter/HIpQHSYa4AADebG (1).jpeg,/home/ssparzival/Imágenes/Ente Photos/Twitter/HIpQHSYa4AADebG (1).jpeg,HIpQHSYa4AADebG (1).jpeg,450859,2048,3134,JPEG,f99c5c3864ed5886,1f1919c78e1b8b09,838fcfe3c7c1c1c0,06000e80000
perceptual_000037,2,False,/home/ssparzival/Imágenes/Ente Photos/Twitter/HIpQHSYa4AADebG (1).jpeg,/home/ssparzival/Imágenes/Ente Photos/Twitter/HIpQHSYa4AADebG.jpeg,HIpQHSYa4AADebG.jpeg,450859,2048,3134,JPEG,f99c5c3864ed5886,1f1919c78e1b8b09,838fcfe3c7c1c1c0,06000e80000
perceptual_000038,2,True,/home/ssparzival/Imágenes/Ente Photos/Twitter/IMG_1029.JPG,/home/ssparzival/Imágenes/Ente Photos/Twitter/IMG_1029.JPG,IMG_1029.JPG,349973,1536,2048,JPEG,be729498f407b1cc,3d3d4b6f351b6b2f,df838181c38d89df,06400080040
perceptual_000038,2,False,/home/ssparzival/Imágenes/Ente Photos/Twitter/IMG_1029.JPG,/home/ssparzival/Imágenes/Ente Photos/Twitter/IMG_6476.JPG,IMG_6476.JPG,344939,1536,2048,JPEG,be729498f407b1cc,3d3d4b6f351b6b2f,df838185c38589df,06400080040
perceptual_000039,2,True,/home/ssparzival/Imágenes/Ente Photos/Twitter/IMG_9937.JPG,/home/ssparzival/Imágenes/Ente Photos/Twitter/IMG_9937.JPG,IMG_9937.JPG,323512,1084,1546,JPEG,ffc56a90c58c1d49,f3497266aa193533,ffe0b0f7ea0f8100,1b000046000
perceptual_000039,2,False,/home/ssparzival/Imágenes/Ente Photos/Twitter/IMG_9937.JPG,/home/ssparzival/Imágenes/Ente Photos/Twitter/IMG_9946.JPG,IMG_9946.JPG,315355,1084,1546,JPEG,ffc74a91c58c1949,d34976668a193533,ffe0b8f7ea0d8100,13200042000
