path_a,path_b,phash_distance
/home/ssparzival/Imágenes/Ente Photos/Twitter/20251021_071749.jpg,/home/ssparzival/Imágenes/Ente Photos/Twitter/HFaXpIoW4AAgz45.jpeg,0
/home/ssparzival/Imágenes/Ente Photos/Twitter/20251110_070933.jpg,/home/ssparzival/Imágenes/Ente Photos/Twitter/HGxEj_3b0AAhgri.jpeg,0
/home/ssparzival/Imágenes/Ente Photos/Twitter/20260202_082815.jpg,/home/ssparzival/Imágenes/Ente Photos/Twitter/20260328_084132.jpg,0
/home/ssparzival/Imágenes/Ente Photos/Twitter/20260307_153022.jpg,/home/ssparzival/Imágenes/Ente Photos/Twitter/20260321_154347.jpg,0
/home/ssparzival/Imágenes/Ente Photos/Twitter/20260309_172340.jpg,/home/ssparzival/Imágenes/Ente Photos/Twitter/HC_mmYMWwAAITZW.jpeg,0
/home/ssparzival/Imágenes/Ente Photos/Twitter/20260313_091318.jpg,/home/ssparzival/Imágenes/Ente Photos/Twitter/HG7erstboAIr2A- (1).jpeg,0
/home/ssparzival/Imágenes/Ente Photos/Twitter/20260313_103806.jpg,/home/ssparzival/Imágenes/Ente Photos/Twitter/20260322_120458.jpg,0
/home/ssparzival/Imágenes/Ente Photos/Twitter/20260321_154249.jpg,/home/ssparzival/Imágenes/Ente Photos/Twitter/IMG_7907.JPG,0
/home/ssparzival/Imágenes/Ente Photos/Twitter/20260322_072325.jpg,/home/ssparzival/Imágenes/Ente Photos/Twitter/IMG_5682.JPG,0
/home/ssparzival/Imágenes/Ente Photos/Twitter/20260322_224029.jpg,/home/ssparzival/Imágenes/Ente Photos/Twitter/IMG_3475.JPG,0
/home/ssparzival/Imágenes/Ente Photos/Twitter/20260325_223646.jpg,/home/ssparzival/Imágenes/Ente Photos/Twitter/IMG_6068.JPG,0
/home/ssparzival/Imágenes/Ente Photos/Twitter/20260401_134825.jpg,/home/ssparzival/Imágenes/Ente Photos/Twitter/IMG_1196.JPG,0
/home/ssparzival/Imágenes/Ente Photos/Twitter/20260402_210734.jpg,/home/ssparzival/Imágenes/Ente Photos/Twitter/IMG_5837.JPG,0
/home/ssparzival/Imágenes/Ente Photos/Twitter/20260405_170604.jpg,/home/ssparzival/Imágenes/Ente Photos/Twitter/HEIKmxZaIAEO5-H.jpeg,0
/home/ssparzival/Imágenes/Ente Photos/Twitter/20260405_232124.jpg,/home/ssparzival/Imágenes/Ente Photos/Twitter/20260503_001903.jpg,0
/home/ssparzival/Imágenes/Ente Photos/Twitter/20260408_170459.jpg,/home/ssparzival/Imágenes/Ente Photos/Twitter/HG3zqdMboAAY2oO.jpeg,0
/home/ssparzival/Imágenes/Ente Photos/Twitter/20260411_222906.jpg,/home/ssparzival/Imágenes/Ente Photos/Twitter/IMG_9252.JPG,0
/home/ssparzival/Imágenes/Ente Photos/Twitter/89xn02z6ia2h1.jpeg,/home/ssparzival/Imágenes/Ente Photos/Twitter/HIwfrGoaAAAgJGX.jpeg,0
/home/ssparzival/Imágenes/Ente Photos/Twitter/HIpQHSYa4AADebG (1).jpeg,/home/ssparzival/Imágenes/Ente Photos/Twitter/HIpQHSYa4AADebG.jpeg,0
/home/ssparzival/Imágenes/Ente Photos/Twitter/IMG_1029.JPG,/home/ssparzival/Imágenes/Ente Photos/Twitter/IMG_6476.JPG,0
/home/ssparzival/Imágenes/Ente Photos/Twitter/20251225_110307.jpg,/home/ssparzival/Imágenes/Ente Photos/Twitter/20251226_093809.jpg,2
/home/ssparzival/Imágenes/Ente Photos/Twitter/20260125_002228.jpg,/home/ssparzival/Imágenes/Ente Photos/Twitter/IMG_0972.JPG,2
/home/ssparzival/Imágenes/Ente Photos/Twitter/20260330_204607.jpg,/home/ssparzival/Imágenes/Ente Photos/Twitter/IMG_1914.JPG,2
/home/ssparzival/Imágenes/Ente Photos/Twitter/20260403_090909.jpg,/home/ssparzival/Imágenes/Ente Photos/Twitter/20260415_061318.jpg,2
/home/ssparzival/Imágenes/Ente Photos/Twitter/20260403_213854.jpg,/home/ssparzival/Imágenes/Ente Photos/Twitter/IMG_4413.JPG,2
/home/ssparzival/Imágenes/Ente Photos/Twitter/20251021_072338.jpg,/home/ssparzival/Imágenes/Ente Photos/Twitter/20251022_164551.jpg,4
/home/ssparzival/Imágenes/Ente Photos/Twitter/20260120_111643.jpg,/home/ssparzival/Imágenes/Ente Photos/Twitter/20260223_012743.jpg,4
/home/ssparzival/Imágenes/Ente Photos/Twitter/20260121_130451.jpg,/home/ssparzival/Imágenes/Ente Photos/Twitter/20260324_133206.jpg,4
/home/ssparzival/Imágenes/Ente Photos/Twitter/20260205_092323.jpg,/home/ssparzival/Imágenes/Ente Photos/Twitter/20260414_184351.jpg,4
/home/ssparzival/Imágenes/Ente Photos/Twitter/20260307_153713.jpg,/home/ssparzival/Imágenes/Ente Photos/Twitter/20260311_142758.jpg,4
/home/ssparzival/Imágenes/Ente Photos/Twitter/20260417_074644.jpg,/home/ssparzival/Imágenes/Ente Photos/Twitter/IMG_1644.JPG,4
/home/ssparzival/Imágenes/Ente Photos/Twitter/20260506_123523.jpg,/home/ssparzival/Imágenes/Ente Photos/Twitter/20260506_123525.jpg,4
/home/ssparzival/Imágenes/Ente Photos/Twitter/IMG_9937.JPG,/home/ssparzival/Imágenes/Ente Photos/Twitter/IMG_9946.JPG,4
/home/ssparzival/Imágenes/Ente Photos/Twitter/20251119_152448.jpg,/home/ssparzival/Imágenes/Ente Photos/Twitter/20260414_182023.jpg,6
/home/ssparzival/Imágenes/Ente Photos/Twitter/20260104_182913.jpg,/home/ssparzival/Imágenes/Ente Photos/Twitter/20260201_153528.jpg,6
/home/ssparzival/Imágenes/Ente Photos/Twitter/20260131_223732.jpg,/home/ssparzival/Imágenes/Ente Photos/Twitter/20260414_184319.jpg,6
/home/ssparzival/Imágenes/Ente Photos/Twitter/20260219_034143.jpg,/home/ssparzival/Imágenes/Ente Photos/Twitter/20260222_152732.jpg,6
/home/ssparzival/Imágenes/Ente Photos/Twitter/20260320_202411.jpg,/home/ssparzival/Imágenes/Ente Photos/Twitter/IMG_4379.JPG,6
/home/ssparzival/Imágenes/Ente Photos/Twitter/20260410_072919.jpg,/home/ssparzival/Imágenes/Ente Photos/Twitter/20260410_140401.jpg,6
/home/ssparzival/Imágenes/Ente Photos/Twitter/20260503_003104.jpg,/home/ssparzival/Imágenes/Ente Photos/Twitter/HGtLCQxawAA0RXH.jpeg,6
