source_contact_sheet_path,destination_contact_sheet_path,status,error_type,error_message
/home/ssparzival/Proyectos/GitHub/Automatic-Organization-of-Anime-Character-Images/anime_character_pipeline/runs/04_hdbscan_clustering_20260523_214927/contact_sheets/cluster_00183_unknown.jpg,/home/ssparzival/Proyectos/GitHub/Automatic-Organization-of-Anime-Character-Images/anime_character_pipeline/organized_output/anime_organized_20260523_220036/_clustering_review_sheets/cluster_00183_unknown.jpg,ok,,
/home/ssparzival/Proyectos/GitHub/Automatic-Organization-of-Anime-Character-Images/anime_character_pipeline/runs/04_hdbscan_clustering_20260523_214927/contact_sheets/cluster_00169_unknown.jpg,/home/ssparzival/Proyectos/GitHub/Automatic-Organization-of-Anime-Character-Images/anime_character_pipeline/organized_output/anime_organized_20260523_220036/_clustering_review_sheets/cluster_00169_unknown.jpg,ok,,
/home/ssparzival/Proyectos/GitHub/Automatic-Organization-of-Anime-Character-Images/anime_character_pipeline/runs/04_hdbscan_clustering_20260523_214927/contact_sheets/cluster_00171_unknown.jpg,/home/ssparzival/Proyectos/GitHub/Automatic-Organization-of-Anime-Character-Images/anime_character_pipeline/organized_output/anime_organized_20260523_220036/_clustering_review_sheets/cluster_00171_unknown.jpg,ok,,
/home/ssparzival/Proyectos/GitHub/Automatic-Organization-of-Anime-Character-Images/anime_character_pipeline/runs/04_hdbscan_clustering_20260523_214927/contact_sheets/cluster_00172_unknown.jpg,/home/ssparzival/Proyectos/GitHub/Automatic-Organization-of-Anime-Character-Images/anime_character_pipeline/organized_output/anime_organized_20260523_220036/_clustering_review_sheets/cluster_00172_unknown.jpg,ok,,
/home/ssparzival/Proyectos/GitHub/Automatic-Organization-of-Anime-Character-Images/anime_character_pipeline/runs/04_hdbscan_clustering_20260523_214927/contact_sheets/cluster_00181_unknown.jpg,/home/ssparzival/Proyectos/GitHub/Automatic-Organization-of-Anime-Character-Images/anime_character_pipeline/organized_output/anime_organized_20260523_220036/_clustering_review_sheets/cluster_00181_unknown.jpg,ok,,
/home/ssparzival/Proyectos/GitHub/Automatic-Organization-of-Anime-Character-Images/anime_character_pipeline/runs/04_hdbscan_clustering_20260523_214927/contact_sheets/cluster_00110_unknown.jpg,/home/ssparzival/Proyectos/GitHub/Automatic-Organization-of-Anime-Character-Images/anime_character_pipeline/organized_output/anime_organized_20260523_220036/_clustering_review_sheets/cluster_00110_unknown.jpg,ok,,
/home/ssparzival/Proyectos/GitHub/Automatic-Organization-of-Anime-Character-Images/anime_character_pipeline/runs/04_hdbscan_clustering_20260523_214927/contact_sheets/cluster_00170_unknown.jpg,/home/ssparzival/Proyectos/GitHub/Automatic-Organization-of-Anime-Character-Images/anime_character_pipeline/organized_output/anime_organized_20260523_220036/_clustering_review_sheets/cluster_00170_unknown.jpg,ok,,
/home/ssparzival/Proyectos/GitHub/Automatic-Organization-of-Anime-Character-Images/anime_character_pipeline/runs/04_hdbscan_clustering_20260523_214927/contact_sheets/cluster_00139_unknown.jpg,/home/ssparzival/Proyectos/GitHub/Automatic-Organization-of-Anime-Character-Images/anime_character_pipeline/organized_output/anime_organized_20260523_220036/_clustering_review_sheets/cluster_00139_unknown.jpg,ok,,
/home/ssparzival/Proyectos/GitHub/Automatic-Organization-of-Anime-Character-Images/anime_character_pipeline/runs/04_hdbscan_clustering_20260523_214927/contact_sheets/cluster_00177_unknown.jpg,/home/ssparzival/Proyectos/GitHub/Automatic-Organization-of-Anime-Character-Images/anime_character_pipeline/organized_output/anime_organized_20260523_220036/_clustering_review_sheets/cluster_00177_unknown.jpg,ok,,
/home/ssparzival/Proyectos/GitHub/Automatic-Organization-of-Anime-Character-Images/anime_character_pipeline/runs/04_hdbscan_clustering_20260523_214927/contact_sheets/cluster_00148_unknown.jpg,/home/ssparzival/Proyectos/GitHub/Automatic-Organization-of-Anime-Character-Images/anime_character_pipeline/organized_output/anime_organized_20260523_220036/_clustering_review_sheets/cluster_00148_unknown.jpg,ok,,
/home/ssparzival/Proyectos/GitHub/Automatic-Organization-of-Anime-Character-Images/anime_character_pipeline/runs/04_hdbscan_clustering_20260523_214927/contact_sheets/cluster_00147_unknown.jpg,/home/ssparzival/Proyectos/GitHub/Automatic-Organization-of-Anime-Character-Images/anime_character_pipeline/organized_output/anime_organized_20260523_220036/_clustering_review_sheets/cluster_00147_unknown.jpg,ok,,
/home/ssparzival/Proyectos/GitHub/Automatic-Organization-of-Anime-Character-Images/anime_character_pipeline/runs/04_hdbscan_clustering_20260523_214927/contact_sheets/cluster_00142_unknown.jpg,/home/ssparzival/Proyectos/GitHub/Automatic-Organization-of-Anime-Character-Images/anime_character_pipeline/organized_output/anime_organized_20260523_220036/_clustering_review_sheets/cluster_00142_unknown.jpg,ok,,
/home/ssparzival/Proyectos/GitHub/Automatic-Organization-of-Anime-Character-Images/anime_character_pipeline/runs/04_hdbscan_clustering_20260523_214927/contact_sheets/cluster_00176_unknown.jpg,/home/ssparzival/Proyectos/GitHub/Automatic-Organization-of-Anime-Character-Images/anime_character_pipeline/organized_output/anime_organized_20260523_220036/_clustering_review_sheets/cluster_00176_unknown.jpg,ok,,
/home/ssparzival/Proyectos/GitHub/Automatic-Organization-of-Anime-Character-Images/anime_character_pipeline/runs/04_hdbscan_clustering_20260523_214927/contact_sheets/cluster_00179_unknown.jpg,/home/ssparzival/Proyectos/GitHub/Automatic-Organization-of-Anime-Character-Images/anime_character_pipeline/organized_output/anime_organized_20260523_220036/_clustering_review_sheets/cluster_00179_unknown.jpg,ok,,
/home/ssparzival/Proyectos/GitHub/Automatic-Organization-of-Anime-Character-Images/anime_character_pipeline/runs/04_hdbscan_clustering_20260523_214927/contact_sheets/cluster_00118_unknown.jpg,/home/ssparzival/Proyectos/GitHub/Automatic-Organization-of-Anime-Character-Images/anime_character_pipeline/organized_output/anime_organized_20260523_220036/_clustering_review_sheets/cluster_00118_unknown.jpg,ok,,
/home/ssparzival/Proyectos/GitHub/Automatic-Organization-of-Anime-Character-Images/anime_character_pipeline/runs/04_hdbscan_clustering_20260523_214927/contact_sheets/cluster_00180_unknown.jpg,/home/ssparzival/Proyectos/GitHub/Automatic-Organization-of-Anime-Character-Images/anime_character_pipeline/organized_output/anime_organized_20260523_220036/_clustering_review_sheets/cluster_00180_unknown.jpg,ok,,
/home/ssparzival/Proyectos/GitHub/Automatic-Organization-of-Anime-Character-Images/anime_character_pipeline/runs/04_hdbscan_clustering_20260523_214927/contact_sheets/cluster_00153_unknown.jpg,/home/ssparzival/Proyectos/GitHub/Automatic-Organization-of-Anime-Character-Images/anime_character_pipeline/organized_output/anime_organized_20260523_220036/_clustering_review_sheets/cluster_00153_unknown.jpg,ok,,
/home/ssparzival/Proyectos/GitHub/Automatic-Organization-of-Anime-Character-Images/anime_character_pipeline/runs/04_hdbscan_clustering_20260523_214927/contact_sheets/cluster_00178_unknown.jpg,/home/ssparzival/Proyectos/GitHub/Automatic-Organization-of-Anime-Character-Images/anime_character_pipeline/organized_output/anime_organized_20260523_220036/_clustering_review_sheets/cluster_00178_unknown.jpg,ok,,
/home/ssparzival/Proyectos/GitHub/Automatic-Organization-of-Anime-Character-Images/anime_character_pipeline/runs/04_hdbscan_clustering_20260523_214927/contact_sheets/cluster_00160_unknown.jpg,/home/ssparzival/Proyectos/GitHub/Automatic-Organization-of-Anime-Character-Images/anime_character_pipeline/organized_output/anime_organized_20260523_220036/_clustering_review_sheets/cluster_00160_unknown.jpg,ok,,
/home/ssparzival/Proyectos/GitHub/Automatic-Organization-of-Anime-Character-Images/anime_character_pipeline/runs/04_hdbscan_clustering_20260523_214927/contact_sheets/cluster_00107_unknown.jpg,/home/ssparzival/Proyectos/GitHub/Automatic-Organization-of-Anime-Character-Images/anime_character_pipeline/organized_output/anime_organized_20260523_220036/_clustering_review_sheets/cluster_00107_unknown.jpg,ok,,
/home/ssparzival/Proyectos/GitHub/Automatic-Organization-of-Anime-Character-Images/anime_character_pipeline/runs/04_hdbscan_clustering_20260523_214927/contact_sheets/cluster_00122_unknown.jpg,/home/ssparzival/Proyectos/GitHub/Automatic-Organization-of-Anime-Character-Images/anime_character_pipeline/organized_output/anime_organized_20260523_220036/_clustering_review_sheets/cluster_00122_unknown.jpg,ok,,
/home/ssparzival/Proyectos/GitHub/Automatic-Organization-of-Anime-Character-Images/anime_character_pipeline/runs/04_hdbscan_clustering_20260523_214927/contact_sheets/cluster_00026_unknown.jpg,/home/ssparzival/Proyectos/GitHub/Automatic-Organization-of-Anime-Character-Images/anime_character_pipeline/organized_output/anime_organized_20260523_220036/_clustering_review_sheets/cluster_00026_unknown.jpg,ok,,
/home/ssparzival/Proyectos/GitHub/Automatic-Organization-of-Anime-Character-Images/anime_character_pipeline/runs/04_hdbscan_clustering_20260523_214927/contact_sheets/cluster_00113_unknown.jpg,/home/ssparzival/Proyectos/GitHub/Automatic-Organization-of-Anime-Character-Images/anime_character_pipeline/organized_output/anime_organized_20260523_220036/_clustering_review_sheets/cluster_00113_unknown.jpg,ok,,
/home/ssparzival/Proyectos/GitHub/Automatic-Organization-of-Anime-Character-Images/anime_character_pipeline/runs/04_hdbscan_clustering_20260523_214927/contact_sheets/cluster_00174_unknown.jpg,/home/ssparzival/Proyectos/GitHub/Automatic-Organization-of-Anime-Character-Images/anime_character_pipeline/organized_output/anime_organized_20260523_220036/_clustering_review_sheets/cluster_00174_unknown.jpg,ok,,
/home/ssparzival/Proyectos/GitHub/Automatic-Organization-of-Anime-Character-Images/anime_character_pipeline/runs/04_hdbscan_clustering_20260523_214927/contact_sheets/cluster_00056_unknown.jpg,/home/ssparzival/Proyectos/GitHub/Automatic-Organization-of-Anime-Character-Images/anime_character_pipeline/organized_output/anime_organized_20260523_220036/_clustering_review_sheets/cluster_00056_unknown.jpg,ok,,
/home/ssparzival/Proyectos/GitHub/Automatic-Organization-of-Anime-Character-Images/anime_character_pipeline/runs/04_hdbscan_clustering_20260523_214927/contact_sheets/cluster_00134_unknown.jpg,/home/ssparzival/Proyectos/GitHub/Automatic-Organization-of-Anime-Character-Images/anime_character_pipeline/organized_output/anime_organized_20260523_220036/_clustering_review_sheets/cluster_00134_unknown.jpg,ok,,
/home/ssparzival/Proyectos/GitHub/Automatic-Organization-of-Anime-Character-Images/anime_character_pipeline/runs/04_hdbscan_clustering_20260523_214927/contact_sheets/cluster_00187_unknown.jpg,/home/ssparzival/Proyectos/GitHub/Automatic-Organization-of-Anime-Character-Images/anime_character_pipeline/organized_output/anime_organized_20260523_220036/_clustering_review_sheets/cluster_00187_unknown.jpg,ok,,
/home/ssparzival/Proyectos/GitHub/Automatic-Organization-of-Anime-Character-Images/anime_character_pipeline/runs/04_hdbscan_clustering_20260523_214927/contact_sheets/cluster_00185_unknown.jpg,/home/ssparzival/Proyectos/GitHub/Automatic-Organization-of-Anime-Character-Images/anime_character_pipeline/organized_output/anime_organized_20260523_220036/_clustering_review_sheets/cluster_00185_unknown.jpg,ok,,
/home/ssparzival/Proyectos/GitHub/Automatic-Organization-of-Anime-Character-Images/anime_character_pipeline/runs/04_hdbscan_clustering_20260523_214927/contact_sheets/cluster_00154_unknown.jpg,/home/ssparzival/Proyectos/GitHub/Automatic-Organization-of-Anime-Character-Images/anime_character_pipeline/organized_output/anime_organized_20260523_220036/_clustering_review_sheets/cluster_00154_unknown.jpg,ok,,
/home/ssparzival/Proyectos/GitHub/Automatic-Organization-of-Anime-Character-Images/anime_character_pipeline/runs/04_hdbscan_clustering_20260523_214927/contact_sheets/cluster_00137_unknown.jpg,/home/ssparzival/Proyectos/GitHub/Automatic-Organization-of-Anime-Character-Images/anime_character_pipeline/organized_output/anime_organized_20260523_220036/_clustering_review_sheets/cluster_00137_unknown.jpg,ok,,
/home/ssparzival/Proyectos/GitHub/Automatic-Organization-of-Anime-Character-Images/anime_character_pipeline/runs/04_hdbscan_clustering_20260523_214927/contact_sheets/cluster_00155_unknown.jpg,/home/ssparzival/Proyectos/GitHub/Automatic-Organization-of-Anime-Character-Images/anime_character_pipeline/organized_output/anime_organized_20260523_220036/_clustering_review_sheets/cluster_00155_unknown.jpg,ok,,
/home/ssparzival/Proyectos/GitHub/Automatic-Organization-of-Anime-Character-Images/anime_character_pipeline/runs/04_hdbscan_clustering_20260523_214927/contact_sheets/cluster_00182_unknown.jpg,/home/ssparzival/Proyectos/GitHub/Automatic-Organization-of-Anime-Character-Images/anime_character_pipeline/organized_output/anime_organized_20260523_220036/_clustering_review_sheets/cluster_00182_unknown.jpg,ok,,
/home/ssparzival/Proyectos/GitHub/Automatic-Organization-of-Anime-Character-Images/anime_character_pipeline/runs/04_hdbscan_clustering_20260523_214927/contact_sheets/cluster_00017_unknown.jpg,/home/ssparzival/Proyectos/GitHub/Automatic-Organization-of-Anime-Character-Images/anime_character_pipeline/organized_output/anime_organized_20260523_220036/_clustering_review_sheets/cluster_00017_unknown.jpg,ok,,
/home/ssparzival/Proyectos/GitHub/Automatic-Organization-of-Anime-Character-Images/anime_character_pipeline/runs/04_hdbscan_clustering_20260523_214927/contact_sheets/cluster_00099_unknown.jpg,/home/ssparzival/Proyectos/GitHub/Automatic-Organization-of-Anime-Character-Images/anime_character_pipeline/organized_output/anime_organized_20260523_220036/_clustering_review_sheets/cluster_00099_unknown.jpg,ok,,
/home/ssparzival/Proyectos/GitHub/Automatic-Organization-of-Anime-Character-Images/anime_character_pipeline/runs/04_hdbscan_clustering_20260523_214927/contact_sheets/cluster_00094_unknown.jpg,/home/ssparzival/Proyectos/GitHub/Automatic-Organization-of-Anime-Character-Images/anime_character_pipeline/organized_output/anime_organized_20260523_220036/_clustering_review_sheets/cluster_00094_unknown.jpg,ok,,
/home/ssparzival/Proyectos/GitHub/Automatic-Organization-of-Anime-Character-Images/anime_character_pipeline/runs/04_hdbscan_clustering_20260523_214927/contact_sheets/cluster_00175_unknown.jpg,/home/ssparzival/Proyectos/GitHub/Automatic-Organization-of-Anime-Character-Images/anime_character_pipeline/organized_output/anime_organized_20260523_220036/_clustering_review_sheets/cluster_00175_unknown.jpg,ok,,
/home/ssparzival/Proyectos/GitHub/Automatic-Organization-of-Anime-Character-Images/anime_character_pipeline/runs/04_hdbscan_clustering_20260523_214927/contact_sheets/cluster_00039_unknown.jpg,/home/ssparzival/Proyectos/GitHub/Automatic-Organization-of-Anime-Character-Images/anime_character_pipeline/organized_output/anime_organized_20260523_220036/_clustering_review_sheets/cluster_00039_unknown.jpg,ok,,
/home/ssparzival/Proyectos/GitHub/Automatic-Organization-of-Anime-Character-Images/anime_character_pipeline/runs/04_hdbscan_clustering_20260523_214927/contact_sheets/cluster_00144_unknown.jpg,/home/ssparzival/Proyectos/GitHub/Automatic-Organization-of-Anime-Character-Images/anime_character_pipeline/organized_output/anime_organized_20260523_220036/_clustering_review_sheets/cluster_00144_unknown.jpg,ok,,
/home/ssparzival/Proyectos/GitHub/Automatic-Organization-of-Anime-Character-Images/anime_character_pipeline/runs/04_hdbscan_clustering_20260523_214927/contact_sheets/cluster_00108_unknown.jpg,/home/ssparzival/Proyectos/GitHub/Automatic-Organization-of-Anime-Character-Images/anime_character_pipeline/organized_output/anime_organized_20260523_220036/_clustering_review_sheets/cluster_00108_unknown.jpg,ok,,
/home/ssparzival/Proyectos/GitHub/Automatic-Organization-of-Anime-Character-Images/anime_character_pipeline/runs/04_hdbscan_clustering_20260523_214927/contact_sheets/cluster_00157_unknown.jpg,/home/ssparzival/Proyectos/GitHub/Automatic-Organization-of-Anime-Character-Images/anime_character_pipeline/organized_output/anime_organized_20260523_220036/_clustering_review_sheets/cluster_00157_unknown.jpg,ok,,
/home/ssparzival/Proyectos/GitHub/Automatic-Organization-of-Anime-Character-Images/anime_character_pipeline/runs/04_hdbscan_clustering_20260523_214927/contact_sheets/cluster_00165_unknown.jpg,/home/ssparzival/Proyectos/GitHub/Automatic-Organization-of-Anime-Character-Images/anime_character_pipeline/organized_output/anime_organized_20260523_220036/_clustering_review_sheets/cluster_00165_unknown.jpg,ok,,
/home/ssparzival/Proyectos/GitHub/Automatic-Organization-of-Anime-Character-Images/anime_character_pipeline/runs/04_hdbscan_clustering_20260523_214927/contact_sheets/cluster_00120_unknown.jpg,/home/ssparzival/Proyectos/GitHub/Automatic-Organization-of-Anime-Character-Images/anime_character_pipeline/organized_output/anime_organized_20260523_220036/_clustering_review_sheets/cluster_00120_unknown.jpg,ok,,
/home/ssparzival/Proyectos/GitHub/Automatic-Organization-of-Anime-Character-Images/anime_character_pipeline/runs/04_hdbscan_clustering_20260523_214927/contact_sheets/cluster_00145_unknown.jpg,/home/ssparzival/Proyectos/GitHub/Automatic-Organization-of-Anime-Character-Images/anime_character_pipeline/organized_output/anime_organized_20260523_220036/_clustering_review_sheets/cluster_00145_unknown.jpg,ok,,
/home/ssparzival/Proyectos/GitHub/Automatic-Organization-of-Anime-Character-Images/anime_character_pipeline/runs/04_hdbscan_clustering_20260523_214927/contact_sheets/cluster_00136_unknown.jpg,/home/ssparzival/Proyectos/GitHub/Automatic-Organization-of-Anime-Character-Images/anime_character_pipeline/organized_output/anime_organized_20260523_220036/_clustering_review_sheets/cluster_00136_unknown.jpg,ok,,
/home/ssparzival/Proyectos/GitHub/Automatic-Organization-of-Anime-Character-Images/anime_character_pipeline/runs/04_hdbscan_clustering_20260523_214927/contact_sheets/cluster_00109_unknown.jpg,/home/ssparzival/Proyectos/GitHub/Automatic-Organization-of-Anime-Character-Images/anime_character_pipeline/organized_output/anime_organized_20260523_220036/_clustering_review_sheets/cluster_00109_unknown.jpg,ok,,
/home/ssparzival/Proyectos/GitHub/Automatic-Organization-of-Anime-Character-Images/anime_character_pipeline/runs/04_hdbscan_clustering_20260523_214927/contact_sheets/cluster_00033_unknown.jpg,/home/ssparzival/Proyectos/GitHub/Automatic-Organization-of-Anime-Character-Images/anime_character_pipeline/organized_output/anime_organized_20260523_220036/_clustering_review_sheets/cluster_00033_unknown.jpg,ok,,
/home/ssparzival/Proyectos/GitHub/Automatic-Organization-of-Anime-Character-Images/anime_character_pipeline/runs/04_hdbscan_clustering_20260523_214927/contact_sheets/cluster_00141_unknown.jpg,/home/ssparzival/Proyectos/GitHub/Automatic-Organization-of-Anime-Character-Images/anime_character_pipeline/organized_output/anime_organized_20260523_220036/_clustering_review_sheets/cluster_00141_unknown.jpg,ok,,
/home/ssparzival/Proyectos/GitHub/Automatic-Organization-of-Anime-Character-Images/anime_character_pipeline/runs/04_hdbscan_clustering_20260523_214927/contact_sheets/cluster_00115_unknown.jpg,/home/ssparzival/Proyectos/GitHub/Automatic-Organization-of-Anime-Character-Images/anime_character_pipeline/organized_output/anime_organized_20260523_220036/_clustering_review_sheets/cluster_00115_unknown.jpg,ok,,
/home/ssparzival/Proyectos/GitHub/Automatic-Organization-of-Anime-Character-Images/anime_character_pipeline/runs/04_hdbscan_clustering_20260523_214927/contact_sheets/cluster_00162_unknown.jpg,/home/ssparzival/Proyectos/GitHub/Automatic-Organization-of-Anime-Character-Images/anime_character_pipeline/organized_output/anime_organized_20260523_220036/_clustering_review_sheets/cluster_00162_unknown.jpg,ok,,
/home/ssparzival/Proyectos/GitHub/Automatic-Organization-of-Anime-Character-Images/anime_character_pipeline/runs/04_hdbscan_clustering_20260523_214927/contact_sheets/cluster_00167_unknown.jpg,/home/ssparzival/Proyectos/GitHub/Automatic-Organization-of-Anime-Character-Images/anime_character_pipeline/organized_output/anime_organized_20260523_220036/_clustering_review_sheets/cluster_00167_unknown.jpg,ok,,
/home/ssparzival/Proyectos/GitHub/Automatic-Organization-of-Anime-Character-Images/anime_character_pipeline/runs/04_hdbscan_clustering_20260523_214927/contact_sheets/cluster_00119_unknown.jpg,/home/ssparzival/Proyectos/GitHub/Automatic-Organization-of-Anime-Character-Images/anime_character_pipeline/organized_output/anime_organized_20260523_220036/_clustering_review_sheets/cluster_00119_unknown.jpg,ok,,
/home/ssparzival/Proyectos/GitHub/Automatic-Organization-of-Anime-Character-Images/anime_character_pipeline/runs/04_hdbscan_clustering_20260523_214927/contact_sheets/cluster_00015_unknown.jpg,/home/ssparzival/Proyectos/GitHub/Automatic-Organization-of-Anime-Character-Images/anime_character_pipeline/organized_output/anime_organized_20260523_220036/_clustering_review_sheets/cluster_00015_unknown.jpg,ok,,
/home/ssparzival/Proyectos/GitHub/Automatic-Organization-of-Anime-Character-Images/anime_character_pipeline/runs/04_hdbscan_clustering_20260523_214927/contact_sheets/cluster_00096_unknown.jpg,/home/ssparzival/Proyectos/GitHub/Automatic-Organization-of-Anime-Character-Images/anime_character_pipeline/organized_output/anime_organized_20260523_220036/_clustering_review_sheets/cluster_00096_unknown.jpg,ok,,
/home/ssparzival/Proyectos/GitHub/Automatic-Organization-of-Anime-Character-Images/anime_character_pipeline/runs/04_hdbscan_clustering_20260523_214927/contact_sheets/cluster_00087_unknown.jpg,/home/ssparzival/Proyectos/GitHub/Automatic-Organization-of-Anime-Character-Images/anime_character_pipeline/organized_output/anime_organized_20260523_220036/_clustering_review_sheets/cluster_00087_unknown.jpg,ok,,
/home/ssparzival/Proyectos/GitHub/Automatic-Organization-of-Anime-Character-Images/anime_character_pipeline/runs/04_hdbscan_clustering_20260523_214927/contact_sheets/cluster_00060_unknown.jpg,/home/ssparzival/Proyectos/GitHub/Automatic-Organization-of-Anime-Character-Images/anime_character_pipeline/organized_output/anime_organized_20260523_220036/_clustering_review_sheets/cluster_00060_unknown.jpg,ok,,
/home/ssparzival/Proyectos/GitHub/Automatic-Organization-of-Anime-Character-Images/anime_character_pipeline/runs/04_hdbscan_clustering_20260523_214927/contact_sheets/cluster_00050_unknown.jpg,/home/ssparzival/Proyectos/GitHub/Automatic-Organization-of-Anime-Character-Images/anime_character_pipeline/organized_output/anime_organized_20260523_220036/_clustering_review_sheets/cluster_00050_unknown.jpg,ok,,
/home/ssparzival/Proyectos/GitHub/Automatic-Organization-of-Anime-Character-Images/anime_character_pipeline/runs/04_hdbscan_clustering_20260523_214927/contact_sheets/cluster_00140_unknown.jpg,/home/ssparzival/Proyectos/GitHub/Automatic-Organization-of-Anime-Character-Images/anime_character_pipeline/organized_output/anime_organized_20260523_220036/_clustering_review_sheets/cluster_00140_unknown.jpg,ok,,
/home/ssparzival/Proyectos/GitHub/Automatic-Organization-of-Anime-Character-Images/anime_character_pipeline/runs/04_hdbscan_clustering_20260523_214927/contact_sheets/cluster_00028_unknown.jpg,/home/ssparzival/Proyectos/GitHub/Automatic-Organization-of-Anime-Character-Images/anime_character_pipeline/organized_output/anime_organized_20260523_220036/_clustering_review_sheets/cluster_00028_unknown.jpg,ok,,
/home/ssparzival/Proyectos/GitHub/Automatic-Organization-of-Anime-Character-Images/anime_character_pipeline/runs/04_hdbscan_clustering_20260523_214927/contact_sheets/cluster_00057_unknown.jpg,/home/ssparzival/Proyectos/GitHub/Automatic-Organization-of-Anime-Character-Images/anime_character_pipeline/organized_output/anime_organized_20260523_220036/_clustering_review_sheets/cluster_00057_unknown.jpg,ok,,
/home/ssparzival/Proyectos/GitHub/Automatic-Organization-of-Anime-Character-Images/anime_character_pipeline/runs/04_hdbscan_clustering_20260523_214927/contact_sheets/cluster_00080_unknown.jpg,/home/ssparzival/Proyectos/GitHub/Automatic-Organization-of-Anime-Character-Images/anime_character_pipeline/organized_output/anime_organized_20260523_220036/_clustering_review_sheets/cluster_00080_unknown.jpg,ok,,
/home/ssparzival/Proyectos/GitHub/Automatic-Organization-of-Anime-Character-Images/anime_character_pipeline/runs/04_hdbscan_clustering_20260523_214927/contact_sheets/cluster_00031_unknown.jpg,/home/ssparzival/Proyectos/GitHub/Automatic-Organization-of-Anime-Character-Images/anime_character_pipeline/organized_output/anime_organized_20260523_220036/_clustering_review_sheets/cluster_00031_unknown.jpg,ok,,
/home/ssparzival/Proyectos/GitHub/Automatic-Organization-of-Anime-Character-Images/anime_character_pipeline/runs/04_hdbscan_clustering_20260523_214927/contact_sheets/cluster_00048_unknown.jpg,/home/ssparzival/Proyectos/GitHub/Automatic-Organization-of-Anime-Character-Images/anime_character_pipeline/organized_output/anime_organized_20260523_220036/_clustering_review_sheets/cluster_00048_unknown.jpg,ok,,
/home/ssparzival/Proyectos/GitHub/Automatic-Organization-of-Anime-Character-Images/anime_character_pipeline/runs/04_hdbscan_clustering_20260523_214927/contact_sheets/cluster_00131_unknown.jpg,/home/ssparzival/Proyectos/GitHub/Automatic-Organization-of-Anime-Character-Images/anime_character_pipeline/organized_output/anime_organized_20260523_220036/_clustering_review_sheets/cluster_00131_unknown.jpg,ok,,
/home/ssparzival/Proyectos/GitHub/Automatic-Organization-of-Anime-Character-Images/anime_character_pipeline/runs/04_hdbscan_clustering_20260523_214927/contact_sheets/cluster_00014_unknown.jpg,/home/ssparzival/Proyectos/GitHub/Automatic-Organization-of-Anime-Character-Images/anime_character_pipeline/organized_output/anime_organized_20260523_220036/_clustering_review_sheets/cluster_00014_unknown.jpg,ok,,
/home/ssparzival/Proyectos/GitHub/Automatic-Organization-of-Anime-Character-Images/anime_character_pipeline/runs/04_hdbscan_clustering_20260523_214927/contact_sheets/cluster_00112_unknown.jpg,/home/ssparzival/Proyectos/GitHub/Automatic-Organization-of-Anime-Character-Images/anime_character_pipeline/organized_output/anime_organized_20260523_220036/_clustering_review_sheets/cluster_00112_unknown.jpg,ok,,
/home/ssparzival/Proyectos/GitHub/Automatic-Organization-of-Anime-Character-Images/anime_character_pipeline/runs/04_hdbscan_clustering_20260523_214927/contact_sheets/cluster_00184_unknown.jpg,/home/ssparzival/Proyectos/GitHub/Automatic-Organization-of-Anime-Character-Images/anime_character_pipeline/organized_output/anime_organized_20260523_220036/_clustering_review_sheets/cluster_00184_unknown.jpg,ok,,
/home/ssparzival/Proyectos/GitHub/Automatic-Organization-of-Anime-Character-Images/anime_character_pipeline/runs/04_hdbscan_clustering_20260523_214927/contact_sheets/cluster_00083_unknown.jpg,/home/ssparzival/Proyectos/GitHub/Automatic-Organization-of-Anime-Character-Images/anime_character_pipeline/organized_output/anime_organized_20260523_220036/_clustering_review_sheets/cluster_00083_unknown.jpg,ok,,
/home/ssparzival/Proyectos/GitHub/Automatic-Organization-of-Anime-Character-Images/anime_character_pipeline/runs/04_hdbscan_clustering_20260523_214927/contact_sheets/cluster_00084_unknown.jpg,/home/ssparzival/Proyectos/GitHub/Automatic-Organization-of-Anime-Character-Images/anime_character_pipeline/organized_output/anime_organized_20260523_220036/_clustering_review_sheets/cluster_00084_unknown.jpg,ok,,
/home/ssparzival/Proyectos/GitHub/Automatic-Organization-of-Anime-Character-Images/anime_character_pipeline/runs/04_hdbscan_clustering_20260523_214927/contact_sheets/cluster_00046_unknown.jpg,/home/ssparzival/Proyectos/GitHub/Automatic-Organization-of-Anime-Character-Images/anime_character_pipeline/organized_output/anime_organized_20260523_220036/_clustering_review_sheets/cluster_00046_unknown.jpg,ok,,
/home/ssparzival/Proyectos/GitHub/Automatic-Organization-of-Anime-Character-Images/anime_character_pipeline/runs/04_hdbscan_clustering_20260523_214927/contact_sheets/cluster_00151_unknown.jpg,/home/ssparzival/Proyectos/GitHub/Automatic-Organization-of-Anime-Character-Images/anime_character_pipeline/organized_output/anime_organized_20260523_220036/_clustering_review_sheets/cluster_00151_unknown.jpg,ok,,
/home/ssparzival/Proyectos/GitHub/Automatic-Organization-of-Anime-Character-Images/anime_character_pipeline/runs/04_hdbscan_clustering_20260523_214927/contact_sheets/cluster_00079_unknown.jpg,/home/ssparzival/Proyectos/GitHub/Automatic-Organization-of-Anime-Character-Images/anime_character_pipeline/organized_output/anime_organized_20260523_220036/_clustering_review_sheets/cluster_00079_unknown.jpg,ok,,
/home/ssparzival/Proyectos/GitHub/Automatic-Organization-of-Anime-Character-Images/anime_character_pipeline/runs/04_hdbscan_clustering_20260523_214927/contact_sheets/cluster_00036_unknown.jpg,/home/ssparzival/Proyectos/GitHub/Automatic-Organization-of-Anime-Character-Images/anime_character_pipeline/organized_output/anime_organized_20260523_220036/_clustering_review_sheets/cluster_00036_unknown.jpg,ok,,
/home/ssparzival/Proyectos/GitHub/Automatic-Organization-of-Anime-Character-Images/anime_character_pipeline/runs/04_hdbscan_clustering_20260523_214927/contact_sheets/cluster_00114_unknown.jpg,/home/ssparzival/Proyectos/GitHub/Automatic-Organization-of-Anime-Character-Images/anime_character_pipeline/organized_output/anime_organized_20260523_220036/_clustering_review_sheets/cluster_00114_unknown.jpg,ok,,
/home/ssparzival/Proyectos/GitHub/Automatic-Organization-of-Anime-Character-Images/anime_character_pipeline/runs/04_hdbscan_clustering_20260523_214927/contact_sheets/cluster_00064_unknown.jpg,/home/ssparzival/Proyectos/GitHub/Automatic-Organization-of-Anime-Character-Images/anime_character_pipeline/organized_output/anime_organized_20260523_220036/_clustering_review_sheets/cluster_00064_unknown.jpg,ok,,
/home/ssparzival/Proyectos/GitHub/Automatic-Organization-of-Anime-Character-Images/anime_character_pipeline/runs/04_hdbscan_clustering_20260523_214927/contact_sheets/cluster_00166_unknown.jpg,/home/ssparzival/Proyectos/GitHub/Automatic-Organization-of-Anime-Character-Images/anime_character_pipeline/organized_output/anime_organized_20260523_220036/_clustering_review_sheets/cluster_00166_unknown.jpg,ok,,
/home/ssparzival/Proyectos/GitHub/Automatic-Organization-of-Anime-Character-Images/anime_character_pipeline/runs/04_hdbscan_clustering_20260523_214927/contact_sheets/cluster_00069_unknown.jpg,/home/ssparzival/Proyectos/GitHub/Automatic-Organization-of-Anime-Character-Images/anime_character_pipeline/organized_output/anime_organized_20260523_220036/_clustering_review_sheets/cluster_00069_unknown.jpg,ok,,
/home/ssparzival/Proyectos/GitHub/Automatic-Organization-of-Anime-Character-Images/anime_character_pipeline/runs/04_hdbscan_clustering_20260523_214927/contact_sheets/cluster_00061_unknown.jpg,/home/ssparzival/Proyectos/GitHub/Automatic-Organization-of-Anime-Character-Images/anime_character_pipeline/organized_output/anime_organized_20260523_220036/_clustering_review_sheets/cluster_00061_unknown.jpg,ok,,
/home/ssparzival/Proyectos/GitHub/Automatic-Organization-of-Anime-Character-Images/anime_character_pipeline/runs/04_hdbscan_clustering_20260523_214927/contact_sheets/cluster_00007_unknown.jpg,/home/ssparzival/Proyectos/GitHub/Automatic-Organization-of-Anime-Character-Images/anime_character_pipeline/organized_output/anime_organized_20260523_220036/_clustering_review_sheets/cluster_00007_unknown.jpg,ok,,
/home/ssparzival/Proyectos/GitHub/Automatic-Organization-of-Anime-Character-Images/anime_character_pipeline/runs/04_hdbscan_clustering_20260523_214927/contact_sheets/cluster_00159_unknown.jpg,/home/ssparzival/Proyectos/GitHub/Automatic-Organization-of-Anime-Character-Images/anime_character_pipeline/organized_output/anime_organized_20260523_220036/_clustering_review_sheets/cluster_00159_unknown.jpg,ok,,
/home/ssparzival/Proyectos/GitHub/Automatic-Organization-of-Anime-Character-Images/anime_character_pipeline/runs/04_hdbscan_clustering_20260523_214927/contact_sheets/cluster_00105_unknown.jpg,/home/ssparzival/Proyectos/GitHub/Automatic-Organization-of-Anime-Character-Images/anime_character_pipeline/organized_output/anime_organized_20260523_220036/_clustering_review_sheets/cluster_00105_unknown.jpg,ok,,
/home/ssparzival/Proyectos/GitHub/Automatic-Organization-of-Anime-Character-Images/anime_character_pipeline/runs/04_hdbscan_clustering_20260523_214927/contact_sheets/cluster_00045_unknown.jpg,/home/ssparzival/Proyectos/GitHub/Automatic-Organization-of-Anime-Character-Images/anime_character_pipeline/organized_output/anime_organized_20260523_220036/_clustering_review_sheets/cluster_00045_unknown.jpg,ok,,
/home/ssparzival/Proyectos/GitHub/Automatic-Organization-of-Anime-Character-Images/anime_character_pipeline/runs/04_hdbscan_clustering_20260523_214927/contact_sheets/cluster_00034_unknown.jpg,/home/ssparzival/Proyectos/GitHub/Automatic-Organization-of-Anime-Character-Images/anime_character_pipeline/organized_output/anime_organized_20260523_220036/_clustering_review_sheets/cluster_00034_unknown.jpg,ok,,
/home/ssparzival/Proyectos/GitHub/Automatic-Organization-of-Anime-Character-Images/anime_character_pipeline/runs/04_hdbscan_clustering_20260523_214927/contact_sheets/cluster_00164_unknown.jpg,/home/ssparzival/Proyectos/GitHub/Automatic-Organization-of-Anime-Character-Images/anime_character_pipeline/organized_output/anime_organized_20260523_220036/_clustering_review_sheets/cluster_00164_unknown.jpg,ok,,
/home/ssparzival/Proyectos/GitHub/Automatic-Organization-of-Anime-Character-Images/anime_character_pipeline/runs/04_hdbscan_clustering_20260523_214927/contact_sheets/cluster_00156_unknown.jpg,/home/ssparzival/Proyectos/GitHub/Automatic-Organization-of-Anime-Character-Images/anime_character_pipeline/organized_output/anime_organized_20260523_220036/_clustering_review_sheets/cluster_00156_unknown.jpg,ok,,
/home/ssparzival/Proyectos/GitHub/Automatic-Organization-of-Anime-Character-Images/anime_character_pipeline/runs/04_hdbscan_clustering_20260523_214927/contact_sheets/cluster_00018_unknown.jpg,/home/ssparzival/Proyectos/GitHub/Automatic-Organization-of-Anime-Character-Images/anime_character_pipeline/organized_output/anime_organized_20260523_220036/_clustering_review_sheets/cluster_00018_unknown.jpg,ok,,
/home/ssparzival/Proyectos/GitHub/Automatic-Organization-of-Anime-Character-Images/anime_character_pipeline/runs/04_hdbscan_clustering_20260523_214927/contact_sheets/cluster_00098_unknown.jpg,/home/ssparzival/Proyectos/GitHub/Automatic-Organization-of-Anime-Character-Images/anime_character_pipeline/organized_output/anime_organized_20260523_220036/_clustering_review_sheets/cluster_00098_unknown.jpg,ok,,
/home/ssparzival/Proyectos/GitHub/Automatic-Organization-of-Anime-Character-Images/anime_character_pipeline/runs/04_hdbscan_clustering_20260523_214927/contact_sheets/cluster_00051_unknown.jpg,/home/ssparzival/Proyectos/GitHub/Automatic-Organization-of-Anime-Character-Images/anime_character_pipeline/organized_output/anime_organized_20260523_220036/_clustering_review_sheets/cluster_00051_unknown.jpg,ok,,
/home/ssparzival/Proyectos/GitHub/Automatic-Organization-of-Anime-Character-Images/anime_character_pipeline/runs/04_hdbscan_clustering_20260523_214927/contact_sheets/cluster_00004_unknown.jpg,/home/ssparzival/Proyectos/GitHub/Automatic-Organization-of-Anime-Character-Images/anime_character_pipeline/organized_output/anime_organized_20260523_220036/_clustering_review_sheets/cluster_00004_unknown.jpg,ok,,
/home/ssparzival/Proyectos/GitHub/Automatic-Organization-of-Anime-Character-Images/anime_character_pipeline/runs/04_hdbscan_clustering_20260523_214927/contact_sheets/cluster_00085_unknown.jpg,/home/ssparzival/Proyectos/GitHub/Automatic-Organization-of-Anime-Character-Images/anime_character_pipeline/organized_output/anime_organized_20260523_220036/_clustering_review_sheets/cluster_00085_unknown.jpg,ok,,
/home/ssparzival/Proyectos/GitHub/Automatic-Organization-of-Anime-Character-Images/anime_character_pipeline/runs/04_hdbscan_clustering_20260523_214927/contact_sheets/cluster_00143_unknown.jpg,/home/ssparzival/Proyectos/GitHub/Automatic-Organization-of-Anime-Character-Images/anime_character_pipeline/organized_output/anime_organized_20260523_220036/_clustering_review_sheets/cluster_00143_unknown.jpg,ok,,
/home/ssparzival/Proyectos/GitHub/Automatic-Organization-of-Anime-Character-Images/anime_character_pipeline/runs/04_hdbscan_clustering_20260523_214927/contact_sheets/cluster_00132_unknown.jpg,/home/ssparzival/Proyectos/GitHub/Automatic-Organization-of-Anime-Character-Images/anime_character_pipeline/organized_output/anime_organized_20260523_220036/_clustering_review_sheets/cluster_00132_unknown.jpg,ok,,
/home/ssparzival/Proyectos/GitHub/Automatic-Organization-of-Anime-Character-Images/anime_character_pipeline/runs/04_hdbscan_clustering_20260523_214927/contact_sheets/cluster_00168_unknown.jpg,/home/ssparzival/Proyectos/GitHub/Automatic-Organization-of-Anime-Character-Images/anime_character_pipeline/organized_output/anime_organized_20260523_220036/_clustering_review_sheets/cluster_00168_unknown.jpg,ok,,
/home/ssparzival/Proyectos/GitHub/Automatic-Organization-of-Anime-Character-Images/anime_character_pipeline/runs/04_hdbscan_clustering_20260523_214927/contact_sheets/cluster_00091_unknown.jpg,/home/ssparzival/Proyectos/GitHub/Automatic-Organization-of-Anime-Character-Images/anime_character_pipeline/organized_output/anime_organized_20260523_220036/_clustering_review_sheets/cluster_00091_unknown.jpg,ok,,
/home/ssparzival/Proyectos/GitHub/Automatic-Organization-of-Anime-Character-Images/anime_character_pipeline/runs/04_hdbscan_clustering_20260523_214927/contact_sheets/cluster_00067_unknown.jpg,/home/ssparzival/Proyectos/GitHub/Automatic-Organization-of-Anime-Character-Images/anime_character_pipeline/organized_output/anime_organized_20260523_220036/_clustering_review_sheets/cluster_00067_unknown.jpg,ok,,
/home/ssparzival/Proyectos/GitHub/Automatic-Organization-of-Anime-Character-Images/anime_character_pipeline/runs/04_hdbscan_clustering_20260523_214927/contact_sheets/cluster_00058_unknown.jpg,/home/ssparzival/Proyectos/GitHub/Automatic-Organization-of-Anime-Character-Images/anime_character_pipeline/organized_output/anime_organized_20260523_220036/_clustering_review_sheets/cluster_00058_unknown.jpg,ok,,
/home/ssparzival/Proyectos/GitHub/Automatic-Organization-of-Anime-Character-Images/anime_character_pipeline/runs/04_hdbscan_clustering_20260523_214927/contact_sheets/cluster_00009_unknown.jpg,/home/ssparzival/Proyectos/GitHub/Automatic-Organization-of-Anime-Character-Images/anime_character_pipeline/organized_output/anime_organized_20260523_220036/_clustering_review_sheets/cluster_00009_unknown.jpg,ok,,
/home/ssparzival/Proyectos/GitHub/Automatic-Organization-of-Anime-Character-Images/anime_character_pipeline/runs/04_hdbscan_clustering_20260523_214927/contact_sheets/cluster_00149_unknown.jpg,/home/ssparzival/Proyectos/GitHub/Automatic-Organization-of-Anime-Character-Images/anime_character_pipeline/organized_output/anime_organized_20260523_220036/_clustering_review_sheets/cluster_00149_unknown.jpg,ok,,
/home/ssparzival/Proyectos/GitHub/Automatic-Organization-of-Anime-Character-Images/anime_character_pipeline/runs/04_hdbscan_clustering_20260523_214927/contact_sheets/cluster_00002_unknown.jpg,/home/ssparzival/Proyectos/GitHub/Automatic-Organization-of-Anime-Character-Images/anime_character_pipeline/organized_output/anime_organized_20260523_220036/_clustering_review_sheets/cluster_00002_unknown.jpg,ok,,
/home/ssparzival/Proyectos/GitHub/Automatic-Organization-of-Anime-Character-Images/anime_character_pipeline/runs/04_hdbscan_clustering_20260523_214927/contact_sheets/cluster_00086_unknown.jpg,/home/ssparzival/Proyectos/GitHub/Automatic-Organization-of-Anime-Character-Images/anime_character_pipeline/organized_output/anime_organized_20260523_220036/_clustering_review_sheets/cluster_00086_unknown.jpg,ok,,
/home/ssparzival/Proyectos/GitHub/Automatic-Organization-of-Anime-Character-Images/anime_character_pipeline/runs/04_hdbscan_clustering_20260523_214927/contact_sheets/cluster_00024_unknown.jpg,/home/ssparzival/Proyectos/GitHub/Automatic-Organization-of-Anime-Character-Images/anime_character_pipeline/organized_output/anime_organized_20260523_220036/_clustering_review_sheets/cluster_00024_unknown.jpg,ok,,
/home/ssparzival/Proyectos/GitHub/Automatic-Organization-of-Anime-Character-Images/anime_character_pipeline/runs/04_hdbscan_clustering_20260523_214927/contact_sheets/cluster_00070_unknown.jpg,/home/ssparzival/Proyectos/GitHub/Automatic-Organization-of-Anime-Character-Images/anime_character_pipeline/organized_output/anime_organized_20260523_220036/_clustering_review_sheets/cluster_00070_unknown.jpg,ok,,
/home/ssparzival/Proyectos/GitHub/Automatic-Organization-of-Anime-Character-Images/anime_character_pipeline/runs/04_hdbscan_clustering_20260523_214927/contact_sheets/cluster_00186_unknown.jpg,/home/ssparzival/Proyectos/GitHub/Automatic-Organization-of-Anime-Character-Images/anime_character_pipeline/organized_output/anime_organized_20260523_220036/_clustering_review_sheets/cluster_00186_unknown.jpg,ok,,
/home/ssparzival/Proyectos/GitHub/Automatic-Organization-of-Anime-Character-Images/anime_character_pipeline/runs/04_hdbscan_clustering_20260523_214927/contact_sheets/cluster_00071_unknown.jpg,/home/ssparzival/Proyectos/GitHub/Automatic-Organization-of-Anime-Character-Images/anime_character_pipeline/organized_output/anime_organized_20260523_220036/_clustering_review_sheets/cluster_00071_unknown.jpg,ok,,
/home/ssparzival/Proyectos/GitHub/Automatic-Organization-of-Anime-Character-Images/anime_character_pipeline/runs/04_hdbscan_clustering_20260523_214927/contact_sheets/cluster_00066_unknown.jpg,/home/ssparzival/Proyectos/GitHub/Automatic-Organization-of-Anime-Character-Images/anime_character_pipeline/organized_output/anime_organized_20260523_220036/_clustering_review_sheets/cluster_00066_unknown.jpg,ok,,
/home/ssparzival/Proyectos/GitHub/Automatic-Organization-of-Anime-Character-Images/anime_character_pipeline/runs/04_hdbscan_clustering_20260523_214927/contact_sheets/cluster_00103_unknown.jpg,/home/ssparzival/Proyectos/GitHub/Automatic-Organization-of-Anime-Character-Images/anime_character_pipeline/organized_output/anime_organized_20260523_220036/_clustering_review_sheets/cluster_00103_unknown.jpg,ok,,
/home/ssparzival/Proyectos/GitHub/Automatic-Organization-of-Anime-Character-Images/anime_character_pipeline/runs/04_hdbscan_clustering_20260523_214927/contact_sheets/cluster_00088_unknown.jpg,/home/ssparzival/Proyectos/GitHub/Automatic-Organization-of-Anime-Character-Images/anime_character_pipeline/organized_output/anime_organized_20260523_220036/_clustering_review_sheets/cluster_00088_unknown.jpg,ok,,
/home/ssparzival/Proyectos/GitHub/Automatic-Organization-of-Anime-Character-Images/anime_character_pipeline/runs/04_hdbscan_clustering_20260523_214927/contact_sheets/cluster_00106_unknown.jpg,/home/ssparzival/Proyectos/GitHub/Automatic-Organization-of-Anime-Character-Images/anime_character_pipeline/organized_output/anime_organized_20260523_220036/_clustering_review_sheets/cluster_00106_unknown.jpg,ok,,
/home/ssparzival/Proyectos/GitHub/Automatic-Organization-of-Anime-Character-Images/anime_character_pipeline/runs/04_hdbscan_clustering_20260523_214927/contact_sheets/cluster_00150_unknown.jpg,/home/ssparzival/Proyectos/GitHub/Automatic-Organization-of-Anime-Character-Images/anime_character_pipeline/organized_output/anime_organized_20260523_220036/_clustering_review_sheets/cluster_00150_unknown.jpg,ok,,
/home/ssparzival/Proyectos/GitHub/Automatic-Organization-of-Anime-Character-Images/anime_character_pipeline/runs/04_hdbscan_clustering_20260523_214927/contact_sheets/cluster_00129_unknown.jpg,/home/ssparzival/Proyectos/GitHub/Automatic-Organization-of-Anime-Character-Images/anime_character_pipeline/organized_output/anime_organized_20260523_220036/_clustering_review_sheets/cluster_00129_unknown.jpg,ok,,
/home/ssparzival/Proyectos/GitHub/Automatic-Organization-of-Anime-Character-Images/anime_character_pipeline/runs/04_hdbscan_clustering_20260523_214927/contact_sheets/cluster_00097_unknown.jpg,/home/ssparzival/Proyectos/GitHub/Automatic-Organization-of-Anime-Character-Images/anime_character_pipeline/organized_output/anime_organized_20260523_220036/_clustering_review_sheets/cluster_00097_unknown.jpg,ok,,
/home/ssparzival/Proyectos/GitHub/Automatic-Organization-of-Anime-Character-Images/anime_character_pipeline/runs/04_hdbscan_clustering_20260523_214927/contact_sheets/cluster_00124_unknown.jpg,/home/ssparzival/Proyectos/GitHub/Automatic-Organization-of-Anime-Character-Images/anime_character_pipeline/organized_output/anime_organized_20260523_220036/_clustering_review_sheets/cluster_00124_unknown.jpg,ok,,
/home/ssparzival/Proyectos/GitHub/Automatic-Organization-of-Anime-Character-Images/anime_character_pipeline/runs/04_hdbscan_clustering_20260523_214927/contact_sheets/cluster_00127_unknown.jpg,/home/ssparzival/Proyectos/GitHub/Automatic-Organization-of-Anime-Character-Images/anime_character_pipeline/organized_output/anime_organized_20260523_220036/_clustering_review_sheets/cluster_00127_unknown.jpg,ok,,
/home/ssparzival/Proyectos/GitHub/Automatic-Organization-of-Anime-Character-Images/anime_character_pipeline/runs/04_hdbscan_clustering_20260523_214927/contact_sheets/cluster_00063_unknown.jpg,/home/ssparzival/Proyectos/GitHub/Automatic-Organization-of-Anime-Character-Images/anime_character_pipeline/organized_output/anime_organized_20260523_220036/_clustering_review_sheets/cluster_00063_unknown.jpg,ok,,
/home/ssparzival/Proyectos/GitHub/Automatic-Organization-of-Anime-Character-Images/anime_character_pipeline/runs/04_hdbscan_clustering_20260523_214927/contact_sheets/cluster_00128_unknown.jpg,/home/ssparzival/Proyectos/GitHub/Automatic-Organization-of-Anime-Character-Images/anime_character_pipeline/organized_output/anime_organized_20260523_220036/_clustering_review_sheets/cluster_00128_unknown.jpg,ok,,
/home/ssparzival/Proyectos/GitHub/Automatic-Organization-of-Anime-Character-Images/anime_character_pipeline/runs/04_hdbscan_clustering_20260523_214927/contact_sheets/cluster_00055_unknown.jpg,/home/ssparzival/Proyectos/GitHub/Automatic-Organization-of-Anime-Character-Images/anime_character_pipeline/organized_output/anime_organized_20260523_220036/_clustering_review_sheets/cluster_00055_unknown.jpg,ok,,
/home/ssparzival/Proyectos/GitHub/Automatic-Organization-of-Anime-Character-Images/anime_character_pipeline/runs/04_hdbscan_clustering_20260523_214927/contact_sheets/cluster_00121_unknown.jpg,/home/ssparzival/Proyectos/GitHub/Automatic-Organization-of-Anime-Character-Images/anime_character_pipeline/organized_output/anime_organized_20260523_220036/_clustering_review_sheets/cluster_00121_unknown.jpg,ok,,
/home/ssparzival/Proyectos/GitHub/Automatic-Organization-of-Anime-Character-Images/anime_character_pipeline/runs/04_hdbscan_clustering_20260523_214927/contact_sheets/cluster_00023_unknown.jpg,/home/ssparzival/Proyectos/GitHub/Automatic-Organization-of-Anime-Character-Images/anime_character_pipeline/organized_output/anime_organized_20260523_220036/_clustering_review_sheets/cluster_00023_unknown.jpg,ok,,
/home/ssparzival/Proyectos/GitHub/Automatic-Organization-of-Anime-Character-Images/anime_character_pipeline/runs/04_hdbscan_clustering_20260523_214927/contact_sheets/cluster_00102_unknown.jpg,/home/ssparzival/Proyectos/GitHub/Automatic-Organization-of-Anime-Character-Images/anime_character_pipeline/organized_output/anime_organized_20260523_220036/_clustering_review_sheets/cluster_00102_unknown.jpg,ok,,
/home/ssparzival/Proyectos/GitHub/Automatic-Organization-of-Anime-Character-Images/anime_character_pipeline/runs/04_hdbscan_clustering_20260523_214927/contact_sheets/cluster_00138_unknown.jpg,/home/ssparzival/Proyectos/GitHub/Automatic-Organization-of-Anime-Character-Images/anime_character_pipeline/organized_output/anime_organized_20260523_220036/_clustering_review_sheets/cluster_00138_unknown.jpg,ok,,
/home/ssparzival/Proyectos/GitHub/Automatic-Organization-of-Anime-Character-Images/anime_character_pipeline/runs/04_hdbscan_clustering_20260523_214927/contact_sheets/cluster_00130_unknown.jpg,/home/ssparzival/Proyectos/GitHub/Automatic-Organization-of-Anime-Character-Images/anime_character_pipeline/organized_output/anime_organized_20260523_220036/_clustering_review_sheets/cluster_00130_unknown.jpg,ok,,
/home/ssparzival/Proyectos/GitHub/Automatic-Organization-of-Anime-Character-Images/anime_character_pipeline/runs/04_hdbscan_clustering_20260523_214927/contact_sheets/cluster_00025_unknown.jpg,/home/ssparzival/Proyectos/GitHub/Automatic-Organization-of-Anime-Character-Images/anime_character_pipeline/organized_output/anime_organized_20260523_220036/_clustering_review_sheets/cluster_00025_unknown.jpg,ok,,
/home/ssparzival/Proyectos/GitHub/Automatic-Organization-of-Anime-Character-Images/anime_character_pipeline/runs/04_hdbscan_clustering_20260523_214927/contact_sheets/cluster_00008_unknown.jpg,/home/ssparzival/Proyectos/GitHub/Automatic-Organization-of-Anime-Character-Images/anime_character_pipeline/organized_output/anime_organized_20260523_220036/_clustering_review_sheets/cluster_00008_unknown.jpg,ok,,
/home/ssparzival/Proyectos/GitHub/Automatic-Organization-of-Anime-Character-Images/anime_character_pipeline/runs/04_hdbscan_clustering_20260523_214927/contact_sheets/cluster_00037_unknown.jpg,/home/ssparzival/Proyectos/GitHub/Automatic-Organization-of-Anime-Character-Images/anime_character_pipeline/organized_output/anime_organized_20260523_220036/_clustering_review_sheets/cluster_00037_unknown.jpg,ok,,
/home/ssparzival/Proyectos/GitHub/Automatic-Organization-of-Anime-Character-Images/anime_character_pipeline/runs/04_hdbscan_clustering_20260523_214927/contact_sheets/cluster_00116_unknown.jpg,/home/ssparzival/Proyectos/GitHub/Automatic-Organization-of-Anime-Character-Images/anime_character_pipeline/organized_output/anime_organized_20260523_220036/_clustering_review_sheets/cluster_00116_unknown.jpg,ok,,
/home/ssparzival/Proyectos/GitHub/Automatic-Organization-of-Anime-Character-Images/anime_character_pipeline/runs/04_hdbscan_clustering_20260523_214927/contact_sheets/cluster_00068_unknown.jpg,/home/ssparzival/Proyectos/GitHub/Automatic-Organization-of-Anime-Character-Images/anime_character_pipeline/organized_output/anime_organized_20260523_220036/_clustering_review_sheets/cluster_00068_unknown.jpg,ok,,
/home/ssparzival/Proyectos/GitHub/Automatic-Organization-of-Anime-Character-Images/anime_character_pipeline/runs/04_hdbscan_clustering_20260523_214927/contact_sheets/cluster_00029_unknown.jpg,/home/ssparzival/Proyectos/GitHub/Automatic-Organization-of-Anime-Character-Images/anime_character_pipeline/organized_output/anime_organized_20260523_220036/_clustering_review_sheets/cluster_00029_unknown.jpg,ok,,
/home/ssparzival/Proyectos/GitHub/Automatic-Organization-of-Anime-Character-Images/anime_character_pipeline/runs/04_hdbscan_clustering_20260523_214927/contact_sheets/cluster_00076_unknown.jpg,/home/ssparzival/Proyectos/GitHub/Automatic-Organization-of-Anime-Character-Images/anime_character_pipeline/organized_output/anime_organized_20260523_220036/_clustering_review_sheets/cluster_00076_unknown.jpg,ok,,
/home/ssparzival/Proyectos/GitHub/Automatic-Organization-of-Anime-Character-Images/anime_character_pipeline/runs/04_hdbscan_clustering_20260523_214927/contact_sheets/cluster_00041_unknown.jpg,/home/ssparzival/Proyectos/GitHub/Automatic-Organization-of-Anime-Character-Images/anime_character_pipeline/organized_output/anime_organized_20260523_220036/_clustering_review_sheets/cluster_00041_unknown.jpg,ok,,
/home/ssparzival/Proyectos/GitHub/Automatic-Organization-of-Anime-Character-Images/anime_character_pipeline/runs/04_hdbscan_clustering_20260523_214927/contact_sheets/cluster_00081_unknown.jpg,/home/ssparzival/Proyectos/GitHub/Automatic-Organization-of-Anime-Character-Images/anime_character_pipeline/organized_output/anime_organized_20260523_220036/_clustering_review_sheets/cluster_00081_unknown.jpg,ok,,
/home/ssparzival/Proyectos/GitHub/Automatic-Organization-of-Anime-Character-Images/anime_character_pipeline/runs/04_hdbscan_clustering_20260523_214927/contact_sheets/cluster_00062_unknown.jpg,/home/ssparzival/Proyectos/GitHub/Automatic-Organization-of-Anime-Character-Images/anime_character_pipeline/organized_output/anime_organized_20260523_220036/_clustering_review_sheets/cluster_00062_unknown.jpg,ok,,
/home/ssparzival/Proyectos/GitHub/Automatic-Organization-of-Anime-Character-Images/anime_character_pipeline/runs/04_hdbscan_clustering_20260523_214927/contact_sheets/cluster_00074_unknown.jpg,/home/ssparzival/Proyectos/GitHub/Automatic-Organization-of-Anime-Character-Images/anime_character_pipeline/organized_output/anime_organized_20260523_220036/_clustering_review_sheets/cluster_00074_unknown.jpg,ok,,
/home/ssparzival/Proyectos/GitHub/Automatic-Organization-of-Anime-Character-Images/anime_character_pipeline/runs/04_hdbscan_clustering_20260523_214927/contact_sheets/cluster_00100_unknown.jpg,/home/ssparzival/Proyectos/GitHub/Automatic-Organization-of-Anime-Character-Images/anime_character_pipeline/organized_output/anime_organized_20260523_220036/_clustering_review_sheets/cluster_00100_unknown.jpg,ok,,
/home/ssparzival/Proyectos/GitHub/Automatic-Organization-of-Anime-Character-Images/anime_character_pipeline/runs/04_hdbscan_clustering_20260523_214927/contact_sheets/cluster_00030_unknown.jpg,/home/ssparzival/Proyectos/GitHub/Automatic-Organization-of-Anime-Character-Images/anime_character_pipeline/organized_output/anime_organized_20260523_220036/_clustering_review_sheets/cluster_00030_unknown.jpg,ok,,
/home/ssparzival/Proyectos/GitHub/Automatic-Organization-of-Anime-Character-Images/anime_character_pipeline/runs/04_hdbscan_clustering_20260523_214927/contact_sheets/cluster_00117_unknown.jpg,/home/ssparzival/Proyectos/GitHub/Automatic-Organization-of-Anime-Character-Images/anime_character_pipeline/organized_output/anime_organized_20260523_220036/_clustering_review_sheets/cluster_00117_unknown.jpg,ok,,
/home/ssparzival/Proyectos/GitHub/Automatic-Organization-of-Anime-Character-Images/anime_character_pipeline/runs/04_hdbscan_clustering_20260523_214927/contact_sheets/cluster_00095_unknown.jpg,/home/ssparzival/Proyectos/GitHub/Automatic-Organization-of-Anime-Character-Images/anime_character_pipeline/organized_output/anime_organized_20260523_220036/_clustering_review_sheets/cluster_00095_unknown.jpg,ok,,
/home/ssparzival/Proyectos/GitHub/Automatic-Organization-of-Anime-Character-Images/anime_character_pipeline/runs/04_hdbscan_clustering_20260523_214927/contact_sheets/cluster_00003_unknown.jpg,/home/ssparzival/Proyectos/GitHub/Automatic-Organization-of-Anime-Character-Images/anime_character_pipeline/organized_output/anime_organized_20260523_220036/_clustering_review_sheets/cluster_00003_unknown.jpg,ok,,
/home/ssparzival/Proyectos/GitHub/Automatic-Organization-of-Anime-Character-Images/anime_character_pipeline/runs/04_hdbscan_clustering_20260523_214927/contact_sheets/cluster_00020_unknown.jpg,/home/ssparzival/Proyectos/GitHub/Automatic-Organization-of-Anime-Character-Images/anime_character_pipeline/organized_output/anime_organized_20260523_220036/_clustering_review_sheets/cluster_00020_unknown.jpg,ok,,
/home/ssparzival/Proyectos/GitHub/Automatic-Organization-of-Anime-Character-Images/anime_character_pipeline/runs/04_hdbscan_clustering_20260523_214927/contact_sheets/cluster_00075_unknown.jpg,/home/ssparzival/Proyectos/GitHub/Automatic-Organization-of-Anime-Character-Images/anime_character_pipeline/organized_output/anime_organized_20260523_220036/_clustering_review_sheets/cluster_00075_unknown.jpg,ok,,
/home/ssparzival/Proyectos/GitHub/Automatic-Organization-of-Anime-Character-Images/anime_character_pipeline/runs/04_hdbscan_clustering_20260523_214927/contact_sheets/cluster_00077_unknown.jpg,/home/ssparzival/Proyectos/GitHub/Automatic-Organization-of-Anime-Character-Images/anime_character_pipeline/organized_output/anime_organized_20260523_220036/_clustering_review_sheets/cluster_00077_unknown.jpg,ok,,
/home/ssparzival/Proyectos/GitHub/Automatic-Organization-of-Anime-Character-Images/anime_character_pipeline/runs/04_hdbscan_clustering_20260523_214927/contact_sheets/cluster_00089_unknown.jpg,/home/ssparzival/Proyectos/GitHub/Automatic-Organization-of-Anime-Character-Images/anime_character_pipeline/organized_output/anime_organized_20260523_220036/_clustering_review_sheets/cluster_00089_unknown.jpg,ok,,
/home/ssparzival/Proyectos/GitHub/Automatic-Organization-of-Anime-Character-Images/anime_character_pipeline/runs/04_hdbscan_clustering_20260523_214927/contact_sheets/cluster_00054_unknown.jpg,/home/ssparzival/Proyectos/GitHub/Automatic-Organization-of-Anime-Character-Images/anime_character_pipeline/organized_output/anime_organized_20260523_220036/_clustering_review_sheets/cluster_00054_unknown.jpg,ok,,
/home/ssparzival/Proyectos/GitHub/Automatic-Organization-of-Anime-Character-Images/anime_character_pipeline/runs/04_hdbscan_clustering_20260523_214927/contact_sheets/cluster_00101_unknown.jpg,/home/ssparzival/Proyectos/GitHub/Automatic-Organization-of-Anime-Character-Images/anime_character_pipeline/organized_output/anime_organized_20260523_220036/_clustering_review_sheets/cluster_00101_unknown.jpg,ok,,
/home/ssparzival/Proyectos/GitHub/Automatic-Organization-of-Anime-Character-Images/anime_character_pipeline/runs/04_hdbscan_clustering_20260523_214927/contact_sheets/cluster_00013_unknown.jpg,/home/ssparzival/Proyectos/GitHub/Automatic-Organization-of-Anime-Character-Images/anime_character_pipeline/organized_output/anime_organized_20260523_220036/_clustering_review_sheets/cluster_00013_unknown.jpg,ok,,
/home/ssparzival/Proyectos/GitHub/Automatic-Organization-of-Anime-Character-Images/anime_character_pipeline/runs/04_hdbscan_clustering_20260523_214927/contact_sheets/cluster_00135_unknown.jpg,/home/ssparzival/Proyectos/GitHub/Automatic-Organization-of-Anime-Character-Images/anime_character_pipeline/organized_output/anime_organized_20260523_220036/_clustering_review_sheets/cluster_00135_unknown.jpg,ok,,
/home/ssparzival/Proyectos/GitHub/Automatic-Organization-of-Anime-Character-Images/anime_character_pipeline/runs/04_hdbscan_clustering_20260523_214927/contact_sheets/cluster_00158_unknown.jpg,/home/ssparzival/Proyectos/GitHub/Automatic-Organization-of-Anime-Character-Images/anime_character_pipeline/organized_output/anime_organized_20260523_220036/_clustering_review_sheets/cluster_00158_unknown.jpg,ok,,
/home/ssparzival/Proyectos/GitHub/Automatic-Organization-of-Anime-Character-Images/anime_character_pipeline/runs/04_hdbscan_clustering_20260523_214927/contact_sheets/cluster_00065_unknown.jpg,/home/ssparzival/Proyectos/GitHub/Automatic-Organization-of-Anime-Character-Images/anime_character_pipeline/organized_output/anime_organized_20260523_220036/_clustering_review_sheets/cluster_00065_unknown.jpg,ok,,
/home/ssparzival/Proyectos/GitHub/Automatic-Organization-of-Anime-Character-Images/anime_character_pipeline/runs/04_hdbscan_clustering_20260523_214927/contact_sheets/cluster_00006_unknown.jpg,/home/ssparzival/Proyectos/GitHub/Automatic-Organization-of-Anime-Character-Images/anime_character_pipeline/organized_output/anime_organized_20260523_220036/_clustering_review_sheets/cluster_00006_unknown.jpg,ok,,
/home/ssparzival/Proyectos/GitHub/Automatic-Organization-of-Anime-Character-Images/anime_character_pipeline/runs/04_hdbscan_clustering_20260523_214927/contact_sheets/cluster_00173_unknown.jpg,/home/ssparzival/Proyectos/GitHub/Automatic-Organization-of-Anime-Character-Images/anime_character_pipeline/organized_output/anime_organized_20260523_220036/_clustering_review_sheets/cluster_00173_unknown.jpg,ok,,
/home/ssparzival/Proyectos/GitHub/Automatic-Organization-of-Anime-Character-Images/anime_character_pipeline/runs/04_hdbscan_clustering_20260523_214927/contact_sheets/cluster_00111_unknown.jpg,/home/ssparzival/Proyectos/GitHub/Automatic-Organization-of-Anime-Character-Images/anime_character_pipeline/organized_output/anime_organized_20260523_220036/_clustering_review_sheets/cluster_00111_unknown.jpg,ok,,
/home/ssparzival/Proyectos/GitHub/Automatic-Organization-of-Anime-Character-Images/anime_character_pipeline/runs/04_hdbscan_clustering_20260523_214927/contact_sheets/cluster_00073_unknown.jpg,/home/ssparzival/Proyectos/GitHub/Automatic-Organization-of-Anime-Character-Images/anime_character_pipeline/organized_output/anime_organized_20260523_220036/_clustering_review_sheets/cluster_00073_unknown.jpg,ok,,
/home/ssparzival/Proyectos/GitHub/Automatic-Organization-of-Anime-Character-Images/anime_character_pipeline/runs/04_hdbscan_clustering_20260523_214927/contact_sheets/cluster_00078_unknown.jpg,/home/ssparzival/Proyectos/GitHub/Automatic-Organization-of-Anime-Character-Images/anime_character_pipeline/organized_output/anime_organized_20260523_220036/_clustering_review_sheets/cluster_00078_unknown.jpg,ok,,
/home/ssparzival/Proyectos/GitHub/Automatic-Organization-of-Anime-Character-Images/anime_character_pipeline/runs/04_hdbscan_clustering_20260523_214927/contact_sheets/cluster_00027_unknown.jpg,/home/ssparzival/Proyectos/GitHub/Automatic-Organization-of-Anime-Character-Images/anime_character_pipeline/organized_output/anime_organized_20260523_220036/_clustering_review_sheets/cluster_00027_unknown.jpg,ok,,
/home/ssparzival/Proyectos/GitHub/Automatic-Organization-of-Anime-Character-Images/anime_character_pipeline/runs/04_hdbscan_clustering_20260523_214927/contact_sheets/cluster_00052_unknown.jpg,/home/ssparzival/Proyectos/GitHub/Automatic-Organization-of-Anime-Character-Images/anime_character_pipeline/organized_output/anime_organized_20260523_220036/_clustering_review_sheets/cluster_00052_unknown.jpg,ok,,
/home/ssparzival/Proyectos/GitHub/Automatic-Organization-of-Anime-Character-Images/anime_character_pipeline/runs/04_hdbscan_clustering_20260523_214927/contact_sheets/cluster_00161_unknown.jpg,/home/ssparzival/Proyectos/GitHub/Automatic-Organization-of-Anime-Character-Images/anime_character_pipeline/organized_output/anime_organized_20260523_220036/_clustering_review_sheets/cluster_00161_unknown.jpg,ok,,
/home/ssparzival/Proyectos/GitHub/Automatic-Organization-of-Anime-Character-Images/anime_character_pipeline/runs/04_hdbscan_clustering_20260523_214927/contact_sheets/cluster_00042_unknown.jpg,/home/ssparzival/Proyectos/GitHub/Automatic-Organization-of-Anime-Character-Images/anime_character_pipeline/organized_output/anime_organized_20260523_220036/_clustering_review_sheets/cluster_00042_unknown.jpg,ok,,
/home/ssparzival/Proyectos/GitHub/Automatic-Organization-of-Anime-Character-Images/anime_character_pipeline/runs/04_hdbscan_clustering_20260523_214927/contact_sheets/cluster_00104_unknown.jpg,/home/ssparzival/Proyectos/GitHub/Automatic-Organization-of-Anime-Character-Images/anime_character_pipeline/organized_output/anime_organized_20260523_220036/_clustering_review_sheets/cluster_00104_unknown.jpg,ok,,
/home/ssparzival/Proyectos/GitHub/Automatic-Organization-of-Anime-Character-Images/anime_character_pipeline/runs/04_hdbscan_clustering_20260523_214927/contact_sheets/cluster_00047_unknown.jpg,/home/ssparzival/Proyectos/GitHub/Automatic-Organization-of-Anime-Character-Images/anime_character_pipeline/organized_output/anime_organized_20260523_220036/_clustering_review_sheets/cluster_00047_unknown.jpg,ok,,
/home/ssparzival/Proyectos/GitHub/Automatic-Organization-of-Anime-Character-Images/anime_character_pipeline/runs/04_hdbscan_clustering_20260523_214927/contact_sheets/cluster_00090_unknown.jpg,/home/ssparzival/Proyectos/GitHub/Automatic-Organization-of-Anime-Character-Images/anime_character_pipeline/organized_output/anime_organized_20260523_220036/_clustering_review_sheets/cluster_00090_unknown.jpg,ok,,
/home/ssparzival/Proyectos/GitHub/Automatic-Organization-of-Anime-Character-Images/anime_character_pipeline/runs/04_hdbscan_clustering_20260523_214927/contact_sheets/cluster_00059_unknown.jpg,/home/ssparzival/Proyectos/GitHub/Automatic-Organization-of-Anime-Character-Images/anime_character_pipeline/organized_output/anime_organized_20260523_220036/_clustering_review_sheets/cluster_00059_unknown.jpg,ok,,
/home/ssparzival/Proyectos/GitHub/Automatic-Organization-of-Anime-Character-Images/anime_character_pipeline/runs/04_hdbscan_clustering_20260523_214927/contact_sheets/cluster_00035_unknown.jpg,/home/ssparzival/Proyectos/GitHub/Automatic-Organization-of-Anime-Character-Images/anime_character_pipeline/organized_output/anime_organized_20260523_220036/_clustering_review_sheets/cluster_00035_unknown.jpg,ok,,
/home/ssparzival/Proyectos/GitHub/Automatic-Organization-of-Anime-Character-Images/anime_character_pipeline/runs/04_hdbscan_clustering_20260523_214927/contact_sheets/cluster_00092_unknown.jpg,/home/ssparzival/Proyectos/GitHub/Automatic-Organization-of-Anime-Character-Images/anime_character_pipeline/organized_output/anime_organized_20260523_220036/_clustering_review_sheets/cluster_00092_unknown.jpg,ok,,
/home/ssparzival/Proyectos/GitHub/Automatic-Organization-of-Anime-Character-Images/anime_character_pipeline/runs/04_hdbscan_clustering_20260523_214927/contact_sheets/cluster_00044_unknown.jpg,/home/ssparzival/Proyectos/GitHub/Automatic-Organization-of-Anime-Character-Images/anime_character_pipeline/organized_output/anime_organized_20260523_220036/_clustering_review_sheets/cluster_00044_unknown.jpg,ok,,
/home/ssparzival/Proyectos/GitHub/Automatic-Organization-of-Anime-Character-Images/anime_character_pipeline/runs/04_hdbscan_clustering_20260523_214927/contact_sheets/cluster_00000_unknown.jpg,/home/ssparzival/Proyectos/GitHub/Automatic-Organization-of-Anime-Character-Images/anime_character_pipeline/organized_output/anime_organized_20260523_220036/_clustering_review_sheets/cluster_00000_unknown.jpg,ok,,
/home/ssparzival/Proyectos/GitHub/Automatic-Organization-of-Anime-Character-Images/anime_character_pipeline/runs/04_hdbscan_clustering_20260523_214927/contact_sheets/cluster_00043_unknown.jpg,/home/ssparzival/Proyectos/GitHub/Automatic-Organization-of-Anime-Character-Images/anime_character_pipeline/organized_output/anime_organized_20260523_220036/_clustering_review_sheets/cluster_00043_unknown.jpg,ok,,
/home/ssparzival/Proyectos/GitHub/Automatic-Organization-of-Anime-Character-Images/anime_character_pipeline/runs/04_hdbscan_clustering_20260523_214927/contact_sheets/cluster_00126_unknown.jpg,/home/ssparzival/Proyectos/GitHub/Automatic-Organization-of-Anime-Character-Images/anime_character_pipeline/organized_output/anime_organized_20260523_220036/_clustering_review_sheets/cluster_00126_unknown.jpg,ok,,
/home/ssparzival/Proyectos/GitHub/Automatic-Organization-of-Anime-Character-Images/anime_character_pipeline/runs/04_hdbscan_clustering_20260523_214927/contact_sheets/cluster_00032_unknown.jpg,/home/ssparzival/Proyectos/GitHub/Automatic-Organization-of-Anime-Character-Images/anime_character_pipeline/organized_output/anime_organized_20260523_220036/_clustering_review_sheets/cluster_00032_unknown.jpg,ok,,
/home/ssparzival/Proyectos/GitHub/Automatic-Organization-of-Anime-Character-Images/anime_character_pipeline/runs/04_hdbscan_clustering_20260523_214927/contact_sheets/cluster_00072_unknown.jpg,/home/ssparzival/Proyectos/GitHub/Automatic-Organization-of-Anime-Character-Images/anime_character_pipeline/organized_output/anime_organized_20260523_220036/_clustering_review_sheets/cluster_00072_unknown.jpg,ok,,
/home/ssparzival/Proyectos/GitHub/Automatic-Organization-of-Anime-Character-Images/anime_character_pipeline/runs/04_hdbscan_clustering_20260523_214927/contact_sheets/cluster_00005_unknown.jpg,/home/ssparzival/Proyectos/GitHub/Automatic-Organization-of-Anime-Character-Images/anime_character_pipeline/organized_output/anime_organized_20260523_220036/_clustering_review_sheets/cluster_00005_unknown.jpg,ok,,
/home/ssparzival/Proyectos/GitHub/Automatic-Organization-of-Anime-Character-Images/anime_character_pipeline/runs/04_hdbscan_clustering_20260523_214927/contact_sheets/cluster_00001_unknown.jpg,/home/ssparzival/Proyectos/GitHub/Automatic-Organization-of-Anime-Character-Images/anime_character_pipeline/organized_output/anime_organized_20260523_220036/_clustering_review_sheets/cluster_00001_unknown.jpg,ok,,
/home/ssparzival/Proyectos/GitHub/Automatic-Organization-of-Anime-Character-Images/anime_character_pipeline/runs/04_hdbscan_clustering_20260523_214927/contact_sheets/cluster_00010_unknown.jpg,/home/ssparzival/Proyectos/GitHub/Automatic-Organization-of-Anime-Character-Images/anime_character_pipeline/organized_output/anime_organized_20260523_220036/_clustering_review_sheets/cluster_00010_unknown.jpg,ok,,
/home/ssparzival/Proyectos/GitHub/Automatic-Organization-of-Anime-Character-Images/anime_character_pipeline/runs/04_hdbscan_clustering_20260523_214927/contact_sheets/cluster_00011_unknown.jpg,/home/ssparzival/Proyectos/GitHub/Automatic-Organization-of-Anime-Character-Images/anime_character_pipeline/organized_output/anime_organized_20260523_220036/_clustering_review_sheets/cluster_00011_unknown.jpg,ok,,
/home/ssparzival/Proyectos/GitHub/Automatic-Organization-of-Anime-Character-Images/anime_character_pipeline/runs/04_hdbscan_clustering_20260523_214927/contact_sheets/cluster_00012_unknown.jpg,/home/ssparzival/Proyectos/GitHub/Automatic-Organization-of-Anime-Character-Images/anime_character_pipeline/organized_output/anime_organized_20260523_220036/_clustering_review_sheets/cluster_00012_unknown.jpg,ok,,
/home/ssparzival/Proyectos/GitHub/Automatic-Organization-of-Anime-Character-Images/anime_character_pipeline/runs/04_hdbscan_clustering_20260523_214927/contact_sheets/cluster_00016_unknown.jpg,/home/ssparzival/Proyectos/GitHub/Automatic-Organization-of-Anime-Character-Images/anime_character_pipeline/organized_output/anime_organized_20260523_220036/_clustering_review_sheets/cluster_00016_unknown.jpg,ok,,
/home/ssparzival/Proyectos/GitHub/Automatic-Organization-of-Anime-Character-Images/anime_character_pipeline/runs/04_hdbscan_clustering_20260523_214927/contact_sheets/cluster_00019_unknown.jpg,/home/ssparzival/Proyectos/GitHub/Automatic-Organization-of-Anime-Character-Images/anime_character_pipeline/organized_output/anime_organized_20260523_220036/_clustering_review_sheets/cluster_00019_unknown.jpg,ok,,
/home/ssparzival/Proyectos/GitHub/Automatic-Organization-of-Anime-Character-Images/anime_character_pipeline/runs/04_hdbscan_clustering_20260523_214927/contact_sheets/cluster_00021_unknown.jpg,/home/ssparzival/Proyectos/GitHub/Automatic-Organization-of-Anime-Character-Images/anime_character_pipeline/organized_output/anime_organized_20260523_220036/_clustering_review_sheets/cluster_00021_unknown.jpg,ok,,
/home/ssparzival/Proyectos/GitHub/Automatic-Organization-of-Anime-Character-Images/anime_character_pipeline/runs/04_hdbscan_clustering_20260523_214927/contact_sheets/cluster_00022_unknown.jpg,/home/ssparzival/Proyectos/GitHub/Automatic-Organization-of-Anime-Character-Images/anime_character_pipeline/organized_output/anime_organized_20260523_220036/_clustering_review_sheets/cluster_00022_unknown.jpg,ok,,
/home/ssparzival/Proyectos/GitHub/Automatic-Organization-of-Anime-Character-Images/anime_character_pipeline/runs/04_hdbscan_clustering_20260523_214927/contact_sheets/cluster_00038_unknown.jpg,/home/ssparzival/Proyectos/GitHub/Automatic-Organization-of-Anime-Character-Images/anime_character_pipeline/organized_output/anime_organized_20260523_220036/_clustering_review_sheets/cluster_00038_unknown.jpg,ok,,
/home/ssparzival/Proyectos/GitHub/Automatic-Organization-of-Anime-Character-Images/anime_character_pipeline/runs/04_hdbscan_clustering_20260523_214927/contact_sheets/cluster_00040_unknown.jpg,/home/ssparzival/Proyectos/GitHub/Automatic-Organization-of-Anime-Character-Images/anime_character_pipeline/organized_output/anime_organized_20260523_220036/_clustering_review_sheets/cluster_00040_unknown.jpg,ok,,
/home/ssparzival/Proyectos/GitHub/Automatic-Organization-of-Anime-Character-Images/anime_character_pipeline/runs/04_hdbscan_clustering_20260523_214927/contact_sheets/cluster_00049_unknown.jpg,/home/ssparzival/Proyectos/GitHub/Automatic-Organization-of-Anime-Character-Images/anime_character_pipeline/organized_output/anime_organized_20260523_220036/_clustering_review_sheets/cluster_00049_unknown.jpg,ok,,
/home/ssparzival/Proyectos/GitHub/Automatic-Organization-of-Anime-Character-Images/anime_character_pipeline/runs/04_hdbscan_clustering_20260523_214927/contact_sheets/cluster_00053_unknown.jpg,/home/ssparzival/Proyectos/GitHub/Automatic-Organization-of-Anime-Character-Images/anime_character_pipeline/organized_output/anime_organized_20260523_220036/_clustering_review_sheets/cluster_00053_unknown.jpg,ok,,
/home/ssparzival/Proyectos/GitHub/Automatic-Organization-of-Anime-Character-Images/anime_character_pipeline/runs/04_hdbscan_clustering_20260523_214927/contact_sheets/cluster_00082_unknown.jpg,/home/ssparzival/Proyectos/GitHub/Automatic-Organization-of-Anime-Character-Images/anime_character_pipeline/organized_output/anime_organized_20260523_220036/_clustering_review_sheets/cluster_00082_unknown.jpg,ok,,
/home/ssparzival/Proyectos/GitHub/Automatic-Organization-of-Anime-Character-Images/anime_character_pipeline/runs/04_hdbscan_clustering_20260523_214927/contact_sheets/cluster_00093_unknown.jpg,/home/ssparzival/Proyectos/GitHub/Automatic-Organization-of-Anime-Character-Images/anime_character_pipeline/organized_output/anime_organized_20260523_220036/_clustering_review_sheets/cluster_00093_unknown.jpg,ok,,
/home/ssparzival/Proyectos/GitHub/Automatic-Organization-of-Anime-Character-Images/anime_character_pipeline/runs/04_hdbscan_clustering_20260523_214927/contact_sheets/cluster_00123_unknown.jpg,/home/ssparzival/Proyectos/GitHub/Automatic-Organization-of-Anime-Character-Images/anime_character_pipeline/organized_output/anime_organized_20260523_220036/_clustering_review_sheets/cluster_00123_unknown.jpg,ok,,
/home/ssparzival/Proyectos/GitHub/Automatic-Organization-of-Anime-Character-Images/anime_character_pipeline/runs/04_hdbscan_clustering_20260523_214927/contact_sheets/cluster_00125_unknown.jpg,/home/ssparzival/Proyectos/GitHub/Automatic-Organization-of-Anime-Character-Images/anime_character_pipeline/organized_output/anime_organized_20260523_220036/_clustering_review_sheets/cluster_00125_unknown.jpg,ok,,
/home/ssparzival/Proyectos/GitHub/Automatic-Organization-of-Anime-Character-Images/anime_character_pipeline/runs/04_hdbscan_clustering_20260523_214927/contact_sheets/cluster_00133_unknown.jpg,/home/ssparzival/Proyectos/GitHub/Automatic-Organization-of-Anime-Character-Images/anime_character_pipeline/organized_output/anime_organized_20260523_220036/_clustering_review_sheets/cluster_00133_unknown.jpg,ok,,
/home/ssparzival/Proyectos/GitHub/Automatic-Organization-of-Anime-Character-Images/anime_character_pipeline/runs/04_hdbscan_clustering_20260523_214927/contact_sheets/cluster_00146_unknown.jpg,/home/ssparzival/Proyectos/GitHub/Automatic-Organization-of-Anime-Character-Images/anime_character_pipeline/organized_output/anime_organized_20260523_220036/_clustering_review_sheets/cluster_00146_unknown.jpg,ok,,
/home/ssparzival/Proyectos/GitHub/Automatic-Organization-of-Anime-Character-Images/anime_character_pipeline/runs/04_hdbscan_clustering_20260523_214927/contact_sheets/cluster_00152_unknown.jpg,/home/ssparzival/Proyectos/GitHub/Automatic-Organization-of-Anime-Character-Images/anime_character_pipeline/organized_output/anime_organized_20260523_220036/_clustering_review_sheets/cluster_00152_unknown.jpg,ok,,
/home/ssparzival/Proyectos/GitHub/Automatic-Organization-of-Anime-Character-Images/anime_character_pipeline/runs/04_hdbscan_clustering_20260523_214927/contact_sheets/cluster_00163_unknown.jpg,/home/ssparzival/Proyectos/GitHub/Automatic-Organization-of-Anime-Character-Images/anime_character_pipeline/organized_output/anime_organized_20260523_220036/_clustering_review_sheets/cluster_00163_unknown.jpg,ok,,
/home/ssparzival/Proyectos/GitHub/Automatic-Organization-of-Anime-Character-Images/anime_character_pipeline/runs/04_hdbscan_clustering_20260523_214927/contact_sheets/_noise_samples.jpg,/home/ssparzival/Proyectos/GitHub/Automatic-Organization-of-Anime-Character-Images/anime_character_pipeline/organized_output/anime_organized_20260523_220036/_clustering_review_sheets/_noise_samples.jpg,ok,,
/home/ssparzival/Proyectos/GitHub/Automatic-Organization-of-Anime-Character-Images/anime_character_pipeline/runs/04_hdbscan_clustering_20260523_214927/contact_sheets/_manual_review_samples.jpg,/home/ssparzival/Proyectos/GitHub/Automatic-Organization-of-Anime-Character-Images/anime_character_pipeline/organized_output/anime_organized_20260523_220036/_clustering_review_sheets/_manual_review_samples.jpg,ok,,
