assignment_category,proposed_folder,image_count
cluster,cluster_00183_unknown,368
cluster,cluster_00171_unknown,268
cluster,cluster_00169_unknown,264
cluster,cluster_00181_unknown,192
cluster,cluster_00172_unknown,182
cluster,cluster_00110_unknown,170
cluster,cluster_00170_unknown,118
cluster,cluster_00179_unknown,101
cluster,cluster_00139_unknown,97
cluster,cluster_00176_unknown,91
cluster,cluster_00177_unknown,90
cluster,cluster_00148_unknown,84
cluster,cluster_00118_unknown,78
cluster,cluster_00147_unknown,78
cluster,cluster_00142_unknown,77
cluster,cluster_00180_unknown,73
cluster,cluster_00153_unknown,68
cluster,cluster_00178_unknown,68
cluster,cluster_00160_unknown,62
cluster,cluster_00026_unknown,54
cluster,cluster_00056_unknown,44
cluster,cluster_00107_unknown,44
cluster,cluster_00185_unknown,44
cluster,cluster_00134_unknown,43
cluster,cluster_00154_unknown,43
cluster,cluster_00155_unknown,42
cluster,cluster_00175_unknown,42
cluster,cluster_00182_unknown,42
cluster,cluster_00017_unknown,41
cluster,cluster_00113_unknown,41
cluster,cluster_00187_unknown,41
cluster,cluster_00039_unknown,40
cluster,cluster_00099_unknown,40
cluster,cluster_00137_unknown,39
cluster,cluster_00144_unknown,39
cluster,cluster_00165_unknown,39
cluster,cluster_00094_unknown,38
cluster,cluster_00174_unknown,37
cluster,cluster_00120_unknown,36
cluster,cluster_00145_unknown,35
cluster,cluster_00108_unknown,33
cluster,cluster_00136_unknown,33
cluster,cluster_00109_unknown,31
cluster,cluster_00033_unknown,30
cluster,cluster_00167_unknown,28
cluster,cluster_00060_unknown,25
cluster,cluster_00119_unknown,25
cluster,cluster_00048_unknown,24
cluster,cluster_00087_unknown,24
cluster,cluster_00112_unknown,24
cluster,cluster_00028_unknown,23
cluster,cluster_00096_unknown,23
cluster,cluster_00057_unknown,22
cluster,cluster_00083_unknown,22
cluster,cluster_00115_unknown,22
cluster,cluster_00162_unknown,22
cluster,cluster_00015_unknown,21
cluster,cluster_00050_unknown,21
cluster,cluster_00064_unknown,21
cluster,cluster_00131_unknown,21
cluster,cluster_00141_unknown,21
cluster,cluster_00069_unknown,20
cluster,cluster_00079_unknown,20
cluster,cluster_00140_unknown,20
cluster,cluster_00151_unknown,20
cluster,cluster_00166_unknown,20
cluster,cluster_00007_unknown,19
cluster,cluster_00080_unknown,19
cluster,cluster_00018_unknown,18
cluster,cluster_00061_unknown,18
cluster,cluster_00014_unknown,17
cluster,cluster_00031_unknown,17
cluster,cluster_00046_unknown,17
cluster,cluster_00051_unknown,16
cluster,cluster_00098_unknown,16
cluster,cluster_00091_unknown,15
cluster,cluster_00143_unknown,15
cluster,cluster_00164_unknown,15
cluster,cluster_00184_unknown,15
cluster,cluster_00084_unknown,14
cluster,cluster_00086_unknown,14
cluster,cluster_00105_unknown,14
cluster,cluster_00122_unknown,14
cluster,cluster_00168_unknown,14
cluster,cluster_00002_unknown,13
cluster,cluster_00034_unknown,13
cluster,cluster_00036_unknown,13
cluster,cluster_00085_unknown,13
cluster,cluster_00132_unknown,13
cluster,cluster_00009_unknown,12
cluster,cluster_00024_unknown,12
cluster,cluster_00066_unknown,12
cluster,cluster_00124_unknown,12
cluster,cluster_00156_unknown,12
cluster,cluster_00159_unknown,12
cluster,cluster_00023_unknown,11
cluster,cluster_00055_unknown,11
cluster,cluster_00058_unknown,11
cluster,cluster_00063_unknown,11
cluster,cluster_00067_unknown,11
cluster,cluster_00088_unknown,11
cluster,cluster_00097_unknown,11
cluster,cluster_00106_unknown,11
cluster,cluster_00114_unknown,11
cluster,cluster_00070_unknown,10
cluster,cluster_00103_unknown,10
cluster,cluster_00121_unknown,10
cluster,cluster_00138_unknown,10
cluster,cluster_00186_unknown,10
cluster,cluster_00004_unknown,9
cluster,cluster_00008_unknown,9
cluster,cluster_00037_unknown,9
cluster,cluster_00062_unknown,9
cluster,cluster_00071_unknown,9
cluster,cluster_00128_unknown,9
cluster,cluster_00130_unknown,9
cluster,cluster_00150_unknown,9
cluster,cluster_00003_unknown,8
cluster,cluster_00013_unknown,8
cluster,cluster_00025_unknown,8
cluster,cluster_00041_unknown,8
cluster,cluster_00074_unknown,8
cluster,cluster_00075_unknown,8
cluster,cluster_00102_unknown,8
cluster,cluster_00129_unknown,8
cluster,cluster_00068_unknown,7
cluster,cluster_00076_unknown,7
cluster,cluster_00078_unknown,7
cluster,cluster_00089_unknown,7
cluster,cluster_00095_unknown,7
cluster,cluster_00117_unknown,7
cluster,cluster_00157_unknown,7
cluster,cluster_00006_unknown,6
cluster,cluster_00027_unknown,6
cluster,cluster_00035_unknown,6
cluster,cluster_00047_unknown,6
cluster,cluster_00059_unknown,6
cluster,cluster_00072_unknown,6
cluster,cluster_00073_unknown,6
cluster,cluster_00081_unknown,6
cluster,cluster_00092_unknown,6
cluster,cluster_00126_unknown,6
cluster,cluster_00158_unknown,6
cluster,cluster_00173_unknown,6
cluster,cluster_00032_unknown,5
cluster,cluster_00044_unknown,5
cluster,cluster_00049_unknown,5
cluster,cluster_00052_unknown,5
cluster,cluster_00053_unknown,5
cluster,cluster_00054_unknown,5
cluster,cluster_00065_unknown,5
cluster,cluster_00077_unknown,5
cluster,cluster_00101_unknown,5
cluster,cluster_00104_unknown,5
cluster,cluster_00123_unknown,5
cluster,cluster_00000_unknown,4
cluster,cluster_00005_unknown,4
cluster,cluster_00012_unknown,4
cluster,cluster_00016_unknown,4
cluster,cluster_00019_unknown,4
cluster,cluster_00021_unknown,4
cluster,cluster_00090_unknown,4
cluster,cluster_00100_unknown,4
cluster,cluster_00125_unknown,4
cluster,cluster_00135_unknown,4
cluster,cluster_00146_unknown,4
cluster,cluster_00001_unknown,3
cluster,cluster_00030_unknown,3
cluster,cluster_00043_unknown,3
cluster,cluster_00045_unknown,3
cluster,cluster_00082_unknown,3
cluster,cluster_00093_unknown,3
cluster,cluster_00127_unknown,3
cluster,cluster_00133_unknown,3
cluster,cluster_00149_unknown,3
cluster,cluster_00152_unknown,3
cluster,cluster_00011_unknown,2
cluster,cluster_00022_unknown,2
cluster,cluster_00040_unknown,2
cluster,cluster_00161_unknown,2
cluster,cluster_00163_unknown,2
cluster,cluster_00010_unknown,1
cluster,cluster_00020_unknown,1
cluster,cluster_00029_unknown,1
cluster,cluster_00038_unknown,1
cluster,cluster_00042_unknown,1
cluster,cluster_00111_unknown,1
cluster,cluster_00116_unknown,1
needs_review_cluster_member,cluster_00183_unknown_review,137
needs_review_cluster_member,cluster_00169_unknown_review,88
needs_review_cluster_member,cluster_00171_unknown_review,76
needs_review_cluster_member,cluster_00172_unknown_review,58
needs_review_cluster_member,cluster_00122_unknown_review,50
needs_review_cluster_member,cluster_00147_unknown_review,50
needs_review_cluster_member,cluster_00142_unknown_review,49
needs_review_cluster_member,cluster_00177_unknown_review,48
needs_review_cluster_member,cluster_00110_unknown_review,47
needs_review_cluster_member,cluster_00148_unknown_review,45
needs_review_cluster_member,cluster_00139_unknown_review,44
needs_review_cluster_member,cluster_00170_unknown_review,42
needs_review_cluster_member,cluster_00181_unknown_review,41
needs_review_cluster_member,cluster_00157_unknown_review,35
needs_review_cluster_member,cluster_00118_unknown_review,25
needs_review_cluster_member,cluster_00176_unknown_review,25
needs_review_cluster_member,cluster_00107_unknown_review,22
needs_review_cluster_member,cluster_00174_unknown_review,22
needs_review_cluster_member,cluster_00113_unknown_review,19
needs_review_cluster_member,cluster_00045_unknown_review,15
needs_review_cluster_member,cluster_00056_unknown_review,13
needs_review_cluster_member,cluster_00141_unknown_review,13
needs_review_cluster_member,cluster_00160_unknown_review,12
needs_review_cluster_member,cluster_00108_unknown_review,11
needs_review_cluster_member,cluster_00114_unknown_review,11
needs_review_cluster_member,cluster_00115_unknown_review,11
needs_review_cluster_member,cluster_00137_unknown_review,11
needs_review_cluster_member,cluster_00149_unknown_review,11
needs_review_cluster_member,cluster_00153_unknown_review,11
needs_review_cluster_member,cluster_00179_unknown_review,11
needs_review_cluster_member,cluster_00026_unknown_review,10
needs_review_cluster_member,cluster_00031_unknown_review,10
needs_review_cluster_member,cluster_00036_unknown_review,10
needs_review_cluster_member,cluster_00084_unknown_review,10
needs_review_cluster_member,cluster_00187_unknown_review,10
needs_review_cluster_member,cluster_00014_unknown_review,9
needs_review_cluster_member,cluster_00015_unknown_review,9
needs_review_cluster_member,cluster_00029_unknown_review,9
needs_review_cluster_member,cluster_00116_unknown_review,9
needs_review_cluster_member,cluster_00134_unknown_review,9
needs_review_cluster_member,cluster_00162_unknown_review,9
needs_review_cluster_member,cluster_00184_unknown_review,9
needs_review_cluster_member,cluster_00004_unknown_review,8
needs_review_cluster_member,cluster_00017_unknown_review,8
needs_review_cluster_member,cluster_00080_unknown_review,8
needs_review_cluster_member,cluster_00094_unknown_review,8
needs_review_cluster_member,cluster_00099_unknown_review,8
needs_review_cluster_member,cluster_00127_unknown_review,8
needs_review_cluster_member,cluster_00140_unknown_review,8
needs_review_cluster_member,cluster_00155_unknown_review,8
needs_review_cluster_member,cluster_00159_unknown_review,8
needs_review_cluster_member,cluster_00020_unknown_review,7
needs_review_cluster_member,cluster_00050_unknown_review,7
needs_review_cluster_member,cluster_00109_unknown_review,7
needs_review_cluster_member,cluster_00154_unknown_review,7
needs_review_cluster_member,cluster_00182_unknown_review,7
needs_review_cluster_member,cluster_00030_unknown_review,6
needs_review_cluster_member,cluster_00039_unknown_review,6
needs_review_cluster_member,cluster_00046_unknown_review,6
needs_review_cluster_member,cluster_00096_unknown_review,6
needs_review_cluster_member,cluster_00111_unknown_review,6
needs_review_cluster_member,cluster_00120_unknown_review,6
needs_review_cluster_member,cluster_00136_unknown_review,6
needs_review_cluster_member,cluster_00144_unknown_review,6
needs_review_cluster_member,cluster_00145_unknown_review,6
needs_review_cluster_member,cluster_00156_unknown_review,6
needs_review_cluster_member,cluster_00178_unknown_review,6
needs_review_cluster_member,cluster_00180_unknown_review,6
needs_review_cluster_member,cluster_00185_unknown_review,6
needs_review_cluster_member,cluster_00028_unknown_review,5
needs_review_cluster_member,cluster_00033_unknown_review,5
needs_review_cluster_member,cluster_00034_unknown_review,5
needs_review_cluster_member,cluster_00042_unknown_review,5
needs_review_cluster_member,cluster_00057_unknown_review,5
needs_review_cluster_member,cluster_00087_unknown_review,5
needs_review_cluster_member,cluster_00100_unknown_review,5
needs_review_cluster_member,cluster_00105_unknown_review,5
needs_review_cluster_member,cluster_00119_unknown_review,5
needs_review_cluster_member,cluster_00131_unknown_review,5
needs_review_cluster_member,cluster_00010_unknown_review,4
needs_review_cluster_member,cluster_00038_unknown_review,4
needs_review_cluster_member,cluster_00058_unknown_review,4
needs_review_cluster_member,cluster_00067_unknown_review,4
needs_review_cluster_member,cluster_00070_unknown_review,4
needs_review_cluster_member,cluster_00071_unknown_review,4
needs_review_cluster_member,cluster_00129_unknown_review,4
needs_review_cluster_member,cluster_00161_unknown_review,4
needs_review_cluster_member,cluster_00175_unknown_review,4
needs_review_cluster_member,cluster_00186_unknown_review,4
needs_review_cluster_member,cluster_00009_unknown_review,3
needs_review_cluster_member,cluster_00011_unknown_review,3
needs_review_cluster_member,cluster_00022_unknown_review,3
needs_review_cluster_member,cluster_00040_unknown_review,3
needs_review_cluster_member,cluster_00043_unknown_review,3
needs_review_cluster_member,cluster_00054_unknown_review,3
needs_review_cluster_member,cluster_00060_unknown_review,3
needs_review_cluster_member,cluster_00061_unknown_review,3
needs_review_cluster_member,cluster_00068_unknown_review,3
needs_review_cluster_member,cluster_00077_unknown_review,3
needs_review_cluster_member,cluster_00079_unknown_review,3
needs_review_cluster_member,cluster_00081_unknown_review,3
needs_review_cluster_member,cluster_00085_unknown_review,3
needs_review_cluster_member,cluster_00101_unknown_review,3
needs_review_cluster_member,cluster_00135_unknown_review,3
needs_review_cluster_member,cluster_00150_unknown_review,3
needs_review_cluster_member,cluster_00151_unknown_review,3
needs_review_cluster_member,cluster_00163_unknown_review,3
needs_review_cluster_member,cluster_00164_unknown_review,3
needs_review_cluster_member,cluster_00165_unknown_review,3
needs_review_cluster_member,cluster_00000_unknown_review,2
needs_review_cluster_member,cluster_00001_unknown_review,2
needs_review_cluster_member,cluster_00005_unknown_review,2
needs_review_cluster_member,cluster_00007_unknown_review,2
needs_review_cluster_member,cluster_00024_unknown_review,2
needs_review_cluster_member,cluster_00025_unknown_review,2
needs_review_cluster_member,cluster_00048_unknown_review,2
needs_review_cluster_member,cluster_00065_unknown_review,2
needs_review_cluster_member,cluster_00076_unknown_review,2
needs_review_cluster_member,cluster_00082_unknown_review,2
needs_review_cluster_member,cluster_00083_unknown_review,2
needs_review_cluster_member,cluster_00090_unknown_review,2
needs_review_cluster_member,cluster_00093_unknown_review,2
needs_review_cluster_member,cluster_00095_unknown_review,2
needs_review_cluster_member,cluster_00102_unknown_review,2
needs_review_cluster_member,cluster_00103_unknown_review,2
needs_review_cluster_member,cluster_00117_unknown_review,2
needs_review_cluster_member,cluster_00128_unknown_review,2
needs_review_cluster_member,cluster_00132_unknown_review,2
needs_review_cluster_member,cluster_00133_unknown_review,2
needs_review_cluster_member,cluster_00152_unknown_review,2
needs_review_cluster_member,cluster_00166_unknown_review,2
needs_review_cluster_member,cluster_00167_unknown_review,2
needs_review_cluster_member,cluster_00002_unknown_review,1
needs_review_cluster_member,cluster_00003_unknown_review,1
needs_review_cluster_member,cluster_00006_unknown_review,1
needs_review_cluster_member,cluster_00008_unknown_review,1
needs_review_cluster_member,cluster_00012_unknown_review,1
needs_review_cluster_member,cluster_00016_unknown_review,1
needs_review_cluster_member,cluster_00019_unknown_review,1
needs_review_cluster_member,cluster_00021_unknown_review,1
needs_review_cluster_member,cluster_00027_unknown_review,1
needs_review_cluster_member,cluster_00032_unknown_review,1
needs_review_cluster_member,cluster_00037_unknown_review,1
needs_review_cluster_member,cluster_00041_unknown_review,1
needs_review_cluster_member,cluster_00044_unknown_review,1
needs_review_cluster_member,cluster_00051_unknown_review,1
needs_review_cluster_member,cluster_00052_unknown_review,1
needs_review_cluster_member,cluster_00064_unknown_review,1
needs_review_cluster_member,cluster_00066_unknown_review,1
needs_review_cluster_member,cluster_00069_unknown_review,1
needs_review_cluster_member,cluster_00073_unknown_review,1
needs_review_cluster_member,cluster_00074_unknown_review,1
needs_review_cluster_member,cluster_00088_unknown_review,1
needs_review_cluster_member,cluster_00089_unknown_review,1
needs_review_cluster_member,cluster_00097_unknown_review,1
needs_review_cluster_member,cluster_00098_unknown_review,1
needs_review_cluster_member,cluster_00104_unknown_review,1
needs_review_cluster_member,cluster_00106_unknown_review,1
needs_review_cluster_member,cluster_00112_unknown_review,1
needs_review_cluster_member,cluster_00121_unknown_review,1
needs_review_cluster_member,cluster_00125_unknown_review,1
needs_review_cluster_member,cluster_00130_unknown_review,1
needs_review_cluster_member,cluster_00143_unknown_review,1
needs_review_cluster_member,cluster_00146_unknown_review,1
needs_review_cluster_member,cluster_00158_unknown_review,1
needs_review_cluster_member,cluster_00168_unknown_review,1
needs_review_cluster_member,cluster_00173_unknown_review,1
needs_review_noise,_needs_review_noise,9138
