proposed_folder,image_count,sampled_image_count,created,contact_sheet_path
_needs_review_noise,9138,24,True,/home/ssparzival/Proyectos/GitHub/Automatic-Organization-of-Anime-Character-Images/anime_character_pipeline/organized_output/anime_organized_20260523_220036/_contact_sheets/_needs_review_noise.jpg
cluster_00183_unknown,368,24,True,/home/ssparzival/Proyectos/GitHub/Automatic-Organization-of-Anime-Character-Images/anime_character_pipeline/organized_output/anime_organized_20260523_220036/_contact_sheets/cluster_00183_unknown.jpg
cluster_00171_unknown,268,24,True,/home/ssparzival/Proyectos/GitHub/Automatic-Organization-of-Anime-Character-Images/anime_character_pipeline/organized_output/anime_organized_20260523_220036/_contact_sheets/cluster_00171_unknown.jpg
cluster_00169_unknown,264,24,True,/home/ssparzival/Proyectos/GitHub/Automatic-Organization-of-Anime-Character-Images/anime_character_pipeline/organized_output/anime_organized_20260523_220036/_contact_sheets/cluster_00169_unknown.jpg
cluster_00181_unknown,192,24,True,/home/ssparzival/Proyectos/GitHub/Automatic-Organization-of-Anime-Character-Images/anime_character_pipeline/organized_output/anime_organized_20260523_220036/_contact_sheets/cluster_00181_unknown.jpg
cluster_00172_unknown,182,24,True,/home/ssparzival/Proyectos/GitHub/Automatic-Organization-of-Anime-Character-Images/anime_character_pipeline/organized_output/anime_organized_20260523_220036/_contact_sheets/cluster_00172_unknown.jpg
cluster_00110_unknown,170,24,True,/home/ssparzival/Proyectos/GitHub/Automatic-Organization-of-Anime-Character-Images/anime_character_pipeline/organized_output/anime_organized_20260523_220036/_contact_sheets/cluster_00110_unknown.jpg
cluster_00183_unknown_review,137,24,True,/home/ssparzival/Proyectos/GitHub/Automatic-Organization-of-Anime-Character-Images/anime_character_pipeline/organized_output/anime_organized_20260523_220036/_contact_sheets/cluster_00183_unknown_review.jpg
cluster_00170_unknown,118,24,True,/home/ssparzival/Proyectos/GitHub/Automatic-Organization-of-Anime-Character-Images/anime_character_pipeline/organized_output/anime_organized_20260523_220036/_contact_sheets/cluster_00170_unknown.jpg
cluster_00179_unknown,101,24,True,/home/ssparzival/Proyectos/GitHub/Automatic-Organization-of-Anime-Character-Images/anime_character_pipeline/organized_output/anime_organized_20260523_220036/_contact_sheets/cluster_00179_unknown.jpg
cluster_00139_unknown,97,24,True,/home/ssparzival/Proyectos/GitHub/Automatic-Organization-of-Anime-Character-Images/anime_character_pipeline/organized_output/anime_organized_20260523_220036/_contact_sheets/cluster_00139_unknown.jpg
cluster_00176_unknown,91,24,True,/home/ssparzival/Proyectos/GitHub/Automatic-Organization-of-Anime-Character-Images/anime_character_pipeline/organized_output/anime_organized_20260523_220036/_contact_sheets/cluster_00176_unknown.jpg
cluster_00177_unknown,90,24,True,/home/ssparzival/Proyectos/GitHub/Automatic-Organization-of-Anime-Character-Images/anime_character_pipeline/organized_output/anime_organized_20260523_220036/_contact_sheets/cluster_00177_unknown.jpg
cluster_00169_unknown_review,88,24,True,/home/ssparzival/Proyectos/GitHub/Automatic-Organization-of-Anime-Character-Images/anime_character_pipeline/organized_output/anime_organized_20260523_220036/_contact_sheets/cluster_00169_unknown_review.jpg
cluster_00148_unknown,84,24,True,/home/ssparzival/Proyectos/GitHub/Automatic-Organization-of-Anime-Character-Images/anime_character_pipeline/organized_output/anime_organized_20260523_220036/_contact_sheets/cluster_00148_unknown.jpg
cluster_00118_unknown,78,24,True,/home/ssparzival/Proyectos/GitHub/Automatic-Organization-of-Anime-Character-Images/anime_character_pipeline/organized_output/anime_organized_20260523_220036/_contact_sheets/cluster_00118_unknown.jpg
cluster_00147_unknown,78,24,True,/home/ssparzival/Proyectos/GitHub/Automatic-Organization-of-Anime-Character-Images/anime_character_pipeline/organized_output/anime_organized_20260523_220036/_contact_sheets/cluster_00147_unknown.jpg
cluster_00142_unknown,77,24,True,/home/ssparzival/Proyectos/GitHub/Automatic-Organization-of-Anime-Character-Images/anime_character_pipeline/organized_output/anime_organized_20260523_220036/_contact_sheets/cluster_00142_unknown.jpg
cluster_00171_unknown_review,76,24,True,/home/ssparzival/Proyectos/GitHub/Automatic-Organization-of-Anime-Character-Images/anime_character_pipeline/organized_output/anime_organized_20260523_220036/_contact_sheets/cluster_00171_unknown_review.jpg
cluster_00180_unknown,73,24,True,/home/ssparzival/Proyectos/GitHub/Automatic-Organization-of-Anime-Character-Images/anime_character_pipeline/organized_output/anime_organized_20260523_220036/_contact_sheets/cluster_00180_unknown.jpg
cluster_00178_unknown,68,24,True,/home/ssparzival/Proyectos/GitHub/Automatic-Organization-of-Anime-Character-Images/anime_character_pipeline/organized_output/anime_organized_20260523_220036/_contact_sheets/cluster_00178_unknown.jpg
cluster_00153_unknown,68,24,True,/home/ssparzival/Proyectos/GitHub/Automatic-Organization-of-Anime-Character-Images/anime_character_pipeline/organized_output/anime_organized_20260523_220036/_contact_sheets/cluster_00153_unknown.jpg
cluster_00160_unknown,62,24,True,/home/ssparzival/Proyectos/GitHub/Automatic-Organization-of-Anime-Character-Images/anime_character_pipeline/organized_output/anime_organized_20260523_220036/_contact_sheets/cluster_00160_unknown.jpg
cluster_00172_unknown_review,58,24,True,/home/ssparzival/Proyectos/GitHub/Automatic-Organization-of-Anime-Character-Images/anime_character_pipeline/organized_output/anime_organized_20260523_220036/_contact_sheets/cluster_00172_unknown_review.jpg
cluster_00026_unknown,54,24,True,/home/ssparzival/Proyectos/GitHub/Automatic-Organization-of-Anime-Character-Images/anime_character_pipeline/organized_output/anime_organized_20260523_220036/_contact_sheets/cluster_00026_unknown.jpg
cluster_00147_unknown_review,50,24,True,/home/ssparzival/Proyectos/GitHub/Automatic-Organization-of-Anime-Character-Images/anime_character_pipeline/organized_output/anime_organized_20260523_220036/_contact_sheets/cluster_00147_unknown_review.jpg
cluster_00122_unknown_review,50,24,True,/home/ssparzival/Proyectos/GitHub/Automatic-Organization-of-Anime-Character-Images/anime_character_pipeline/organized_output/anime_organized_20260523_220036/_contact_sheets/cluster_00122_unknown_review.jpg
cluster_00142_unknown_review,49,24,True,/home/ssparzival/Proyectos/GitHub/Automatic-Organization-of-Anime-Character-Images/anime_character_pipeline/organized_output/anime_organized_20260523_220036/_contact_sheets/cluster_00142_unknown_review.jpg
cluster_00177_unknown_review,48,24,True,/home/ssparzival/Proyectos/GitHub/Automatic-Organization-of-Anime-Character-Images/anime_character_pipeline/organized_output/anime_organized_20260523_220036/_contact_sheets/cluster_00177_unknown_review.jpg
cluster_00110_unknown_review,47,24,True,/home/ssparzival/Proyectos/GitHub/Automatic-Organization-of-Anime-Character-Images/anime_character_pipeline/organized_output/anime_organized_20260523_220036/_contact_sheets/cluster_00110_unknown_review.jpg
cluster_00148_unknown_review,45,24,True,/home/ssparzival/Proyectos/GitHub/Automatic-Organization-of-Anime-Character-Images/anime_character_pipeline/organized_output/anime_organized_20260523_220036/_contact_sheets/cluster_00148_unknown_review.jpg
cluster_00139_unknown_review,44,24,True,/home/ssparzival/Proyectos/GitHub/Automatic-Organization-of-Anime-Character-Images/anime_character_pipeline/organized_output/anime_organized_20260523_220036/_contact_sheets/cluster_00139_unknown_review.jpg
cluster_00185_unknown,44,24,True,/home/ssparzival/Proyectos/GitHub/Automatic-Organization-of-Anime-Character-Images/anime_character_pipeline/organized_output/anime_organized_20260523_220036/_contact_sheets/cluster_00185_unknown.jpg
cluster_00107_unknown,44,24,True,/home/ssparzival/Proyectos/GitHub/Automatic-Organization-of-Anime-Character-Images/anime_character_pipeline/organized_output/anime_organized_20260523_220036/_contact_sheets/cluster_00107_unknown.jpg
cluster_00056_unknown,44,24,True,/home/ssparzival/Proyectos/GitHub/Automatic-Organization-of-Anime-Character-Images/anime_character_pipeline/organized_output/anime_organized_20260523_220036/_contact_sheets/cluster_00056_unknown.jpg
cluster_00154_unknown,43,24,True,/home/ssparzival/Proyectos/GitHub/Automatic-Organization-of-Anime-Character-Images/anime_character_pipeline/organized_output/anime_organized_20260523_220036/_contact_sheets/cluster_00154_unknown.jpg
cluster_00134_unknown,43,24,True,/home/ssparzival/Proyectos/GitHub/Automatic-Organization-of-Anime-Character-Images/anime_character_pipeline/organized_output/anime_organized_20260523_220036/_contact_sheets/cluster_00134_unknown.jpg
cluster_00155_unknown,42,24,True,/home/ssparzival/Proyectos/GitHub/Automatic-Organization-of-Anime-Character-Images/anime_character_pipeline/organized_output/anime_organized_20260523_220036/_contact_sheets/cluster_00155_unknown.jpg
cluster_00170_unknown_review,42,24,True,/home/ssparzival/Proyectos/GitHub/Automatic-Organization-of-Anime-Character-Images/anime_character_pipeline/organized_output/anime_organized_20260523_220036/_contact_sheets/cluster_00170_unknown_review.jpg
cluster_00182_unknown,42,24,True,/home/ssparzival/Proyectos/GitHub/Automatic-Organization-of-Anime-Character-Images/anime_character_pipeline/organized_output/anime_organized_20260523_220036/_contact_sheets/cluster_00182_unknown.jpg
cluster_00175_unknown,42,24,True,/home/ssparzival/Proyectos/GitHub/Automatic-Organization-of-Anime-Character-Images/anime_character_pipeline/organized_output/anime_organized_20260523_220036/_contact_sheets/cluster_00175_unknown.jpg
cluster_00113_unknown,41,24,True,/home/ssparzival/Proyectos/GitHub/Automatic-Organization-of-Anime-Character-Images/anime_character_pipeline/organized_output/anime_organized_20260523_220036/_contact_sheets/cluster_00113_unknown.jpg
cluster_00017_unknown,41,24,True,/home/ssparzival/Proyectos/GitHub/Automatic-Organization-of-Anime-Character-Images/anime_character_pipeline/organized_output/anime_organized_20260523_220036/_contact_sheets/cluster_00017_unknown.jpg
cluster_00187_unknown,41,24,True,/home/ssparzival/Proyectos/GitHub/Automatic-Organization-of-Anime-Character-Images/anime_character_pipeline/organized_output/anime_organized_20260523_220036/_contact_sheets/cluster_00187_unknown.jpg
cluster_00181_unknown_review,41,24,True,/home/ssparzival/Proyectos/GitHub/Automatic-Organization-of-Anime-Character-Images/anime_character_pipeline/organized_output/anime_organized_20260523_220036/_contact_sheets/cluster_00181_unknown_review.jpg
cluster_00039_unknown,40,24,True,/home/ssparzival/Proyectos/GitHub/Automatic-Organization-of-Anime-Character-Images/anime_character_pipeline/organized_output/anime_organized_20260523_220036/_contact_sheets/cluster_00039_unknown.jpg
cluster_00099_unknown,40,24,True,/home/ssparzival/Proyectos/GitHub/Automatic-Organization-of-Anime-Character-Images/anime_character_pipeline/organized_output/anime_organized_20260523_220036/_contact_sheets/cluster_00099_unknown.jpg
cluster_00144_unknown,39,24,True,/home/ssparzival/Proyectos/GitHub/Automatic-Organization-of-Anime-Character-Images/anime_character_pipeline/organized_output/anime_organized_20260523_220036/_contact_sheets/cluster_00144_unknown.jpg
cluster_00165_unknown,39,24,True,/home/ssparzival/Proyectos/GitHub/Automatic-Organization-of-Anime-Character-Images/anime_character_pipeline/organized_output/anime_organized_20260523_220036/_contact_sheets/cluster_00165_unknown.jpg
cluster_00137_unknown,39,24,True,/home/ssparzival/Proyectos/GitHub/Automatic-Organization-of-Anime-Character-Images/anime_character_pipeline/organized_output/anime_organized_20260523_220036/_contact_sheets/cluster_00137_unknown.jpg
cluster_00094_unknown,38,24,True,/home/ssparzival/Proyectos/GitHub/Automatic-Organization-of-Anime-Character-Images/anime_character_pipeline/organized_output/anime_organized_20260523_220036/_contact_sheets/cluster_00094_unknown.jpg
cluster_00174_unknown,37,24,True,/home/ssparzival/Proyectos/GitHub/Automatic-Organization-of-Anime-Character-Images/anime_character_pipeline/organized_output/anime_organized_20260523_220036/_contact_sheets/cluster_00174_unknown.jpg
cluster_00120_unknown,36,24,True,/home/ssparzival/Proyectos/GitHub/Automatic-Organization-of-Anime-Character-Images/anime_character_pipeline/organized_output/anime_organized_20260523_220036/_contact_sheets/cluster_00120_unknown.jpg
cluster_00157_unknown_review,35,24,True,/home/ssparzival/Proyectos/GitHub/Automatic-Organization-of-Anime-Character-Images/anime_character_pipeline/organized_output/anime_organized_20260523_220036/_contact_sheets/cluster_00157_unknown_review.jpg
cluster_00145_unknown,35,24,True,/home/ssparzival/Proyectos/GitHub/Automatic-Organization-of-Anime-Character-Images/anime_character_pipeline/organized_output/anime_organized_20260523_220036/_contact_sheets/cluster_00145_unknown.jpg
cluster_00136_unknown,33,24,True,/home/ssparzival/Proyectos/GitHub/Automatic-Organization-of-Anime-Character-Images/anime_character_pipeline/organized_output/anime_organized_20260523_220036/_contact_sheets/cluster_00136_unknown.jpg
cluster_00108_unknown,33,24,True,/home/ssparzival/Proyectos/GitHub/Automatic-Organization-of-Anime-Character-Images/anime_character_pipeline/organized_output/anime_organized_20260523_220036/_contact_sheets/cluster_00108_unknown.jpg
cluster_00109_unknown,31,24,True,/home/ssparzival/Proyectos/GitHub/Automatic-Organization-of-Anime-Character-Images/anime_character_pipeline/organized_output/anime_organized_20260523_220036/_contact_sheets/cluster_00109_unknown.jpg
cluster_00033_unknown,30,24,True,/home/ssparzival/Proyectos/GitHub/Automatic-Organization-of-Anime-Character-Images/anime_character_pipeline/organized_output/anime_organized_20260523_220036/_contact_sheets/cluster_00033_unknown.jpg
cluster_00167_unknown,28,24,True,/home/ssparzival/Proyectos/GitHub/Automatic-Organization-of-Anime-Character-Images/anime_character_pipeline/organized_output/anime_organized_20260523_220036/_contact_sheets/cluster_00167_unknown.jpg
cluster_00176_unknown_review,25,24,True,/home/ssparzival/Proyectos/GitHub/Automatic-Organization-of-Anime-Character-Images/anime_character_pipeline/organized_output/anime_organized_20260523_220036/_contact_sheets/cluster_00176_unknown_review.jpg
cluster_00118_unknown_review,25,24,True,/home/ssparzival/Proyectos/GitHub/Automatic-Organization-of-Anime-Character-Images/anime_character_pipeline/organized_output/anime_organized_20260523_220036/_contact_sheets/cluster_00118_unknown_review.jpg
cluster_00119_unknown,25,24,True,/home/ssparzival/Proyectos/GitHub/Automatic-Organization-of-Anime-Character-Images/anime_character_pipeline/organized_output/anime_organized_20260523_220036/_contact_sheets/cluster_00119_unknown.jpg
cluster_00060_unknown,25,24,True,/home/ssparzival/Proyectos/GitHub/Automatic-Organization-of-Anime-Character-Images/anime_character_pipeline/organized_output/anime_organized_20260523_220036/_contact_sheets/cluster_00060_unknown.jpg
cluster_00087_unknown,24,24,True,/home/ssparzival/Proyectos/GitHub/Automatic-Organization-of-Anime-Character-Images/anime_character_pipeline/organized_output/anime_organized_20260523_220036/_contact_sheets/cluster_00087_unknown.jpg
cluster_00048_unknown,24,24,True,/home/ssparzival/Proyectos/GitHub/Automatic-Organization-of-Anime-Character-Images/anime_character_pipeline/organized_output/anime_organized_20260523_220036/_contact_sheets/cluster_00048_unknown.jpg
cluster_00112_unknown,24,24,True,/home/ssparzival/Proyectos/GitHub/Automatic-Organization-of-Anime-Character-Images/anime_character_pipeline/organized_output/anime_organized_20260523_220036/_contact_sheets/cluster_00112_unknown.jpg
cluster_00028_unknown,23,23,True,/home/ssparzival/Proyectos/GitHub/Automatic-Organization-of-Anime-Character-Images/anime_character_pipeline/organized_output/anime_organized_20260523_220036/_contact_sheets/cluster_00028_unknown.jpg
cluster_00096_unknown,23,23,True,/home/ssparzival/Proyectos/GitHub/Automatic-Organization-of-Anime-Character-Images/anime_character_pipeline/organized_output/anime_organized_20260523_220036/_contact_sheets/cluster_00096_unknown.jpg
cluster_00057_unknown,22,22,True,/home/ssparzival/Proyectos/GitHub/Automatic-Organization-of-Anime-Character-Images/anime_character_pipeline/organized_output/anime_organized_20260523_220036/_contact_sheets/cluster_00057_unknown.jpg
cluster_00162_unknown,22,22,True,/home/ssparzival/Proyectos/GitHub/Automatic-Organization-of-Anime-Character-Images/anime_character_pipeline/organized_output/anime_organized_20260523_220036/_contact_sheets/cluster_00162_unknown.jpg
cluster_00083_unknown,22,22,True,/home/ssparzival/Proyectos/GitHub/Automatic-Organization-of-Anime-Character-Images/anime_character_pipeline/organized_output/anime_organized_20260523_220036/_contact_sheets/cluster_00083_unknown.jpg
cluster_00115_unknown,22,22,True,/home/ssparzival/Proyectos/GitHub/Automatic-Organization-of-Anime-Character-Images/anime_character_pipeline/organized_output/anime_organized_20260523_220036/_contact_sheets/cluster_00115_unknown.jpg
cluster_00107_unknown_review,22,22,True,/home/ssparzival/Proyectos/GitHub/Automatic-Organization-of-Anime-Character-Images/anime_character_pipeline/organized_output/anime_organized_20260523_220036/_contact_sheets/cluster_00107_unknown_review.jpg
cluster_00174_unknown_review,22,22,True,/home/ssparzival/Proyectos/GitHub/Automatic-Organization-of-Anime-Character-Images/anime_character_pipeline/organized_output/anime_organized_20260523_220036/_contact_sheets/cluster_00174_unknown_review.jpg
cluster_00141_unknown,21,21,True,/home/ssparzival/Proyectos/GitHub/Automatic-Organization-of-Anime-Character-Images/anime_character_pipeline/organized_output/anime_organized_20260523_220036/_contact_sheets/cluster_00141_unknown.jpg
cluster_00131_unknown,21,21,True,/home/ssparzival/Proyectos/GitHub/Automatic-Organization-of-Anime-Character-Images/anime_character_pipeline/organized_output/anime_organized_20260523_220036/_contact_sheets/cluster_00131_unknown.jpg
cluster_00015_unknown,21,21,True,/home/ssparzival/Proyectos/GitHub/Automatic-Organization-of-Anime-Character-Images/anime_character_pipeline/organized_output/anime_organized_20260523_220036/_contact_sheets/cluster_00015_unknown.jpg
cluster_00064_unknown,21,21,True,/home/ssparzival/Proyectos/GitHub/Automatic-Organization-of-Anime-Character-Images/anime_character_pipeline/organized_output/anime_organized_20260523_220036/_contact_sheets/cluster_00064_unknown.jpg
cluster_00050_unknown,21,21,True,/home/ssparzival/Proyectos/GitHub/Automatic-Organization-of-Anime-Character-Images/anime_character_pipeline/organized_output/anime_organized_20260523_220036/_contact_sheets/cluster_00050_unknown.jpg
cluster_00069_unknown,20,20,True,/home/ssparzival/Proyectos/GitHub/Automatic-Organization-of-Anime-Character-Images/anime_character_pipeline/organized_output/anime_organized_20260523_220036/_contact_sheets/cluster_00069_unknown.jpg
cluster_00166_unknown,20,20,True,/home/ssparzival/Proyectos/GitHub/Automatic-Organization-of-Anime-Character-Images/anime_character_pipeline/organized_output/anime_organized_20260523_220036/_contact_sheets/cluster_00166_unknown.jpg
cluster_00140_unknown,20,20,True,/home/ssparzival/Proyectos/GitHub/Automatic-Organization-of-Anime-Character-Images/anime_character_pipeline/organized_output/anime_organized_20260523_220036/_contact_sheets/cluster_00140_unknown.jpg
cluster_00079_unknown,20,20,True,/home/ssparzival/Proyectos/GitHub/Automatic-Organization-of-Anime-Character-Images/anime_character_pipeline/organized_output/anime_organized_20260523_220036/_contact_sheets/cluster_00079_unknown.jpg
cluster_00151_unknown,20,20,True,/home/ssparzival/Proyectos/GitHub/Automatic-Organization-of-Anime-Character-Images/anime_character_pipeline/organized_output/anime_organized_20260523_220036/_contact_sheets/cluster_00151_unknown.jpg
cluster_00080_unknown,19,19,True,/home/ssparzival/Proyectos/GitHub/Automatic-Organization-of-Anime-Character-Images/anime_character_pipeline/organized_output/anime_organized_20260523_220036/_contact_sheets/cluster_00080_unknown.jpg
cluster_00113_unknown_review,19,19,True,/home/ssparzival/Proyectos/GitHub/Automatic-Organization-of-Anime-Character-Images/anime_character_pipeline/organized_output/anime_organized_20260523_220036/_contact_sheets/cluster_00113_unknown_review.jpg
cluster_00007_unknown,19,19,True,/home/ssparzival/Proyectos/GitHub/Automatic-Organization-of-Anime-Character-Images/anime_character_pipeline/organized_output/anime_organized_20260523_220036/_contact_sheets/cluster_00007_unknown.jpg
cluster_00018_unknown,18,18,True,/home/ssparzival/Proyectos/GitHub/Automatic-Organization-of-Anime-Character-Images/anime_character_pipeline/organized_output/anime_organized_20260523_220036/_contact_sheets/cluster_00018_unknown.jpg
cluster_00061_unknown,18,18,True,/home/ssparzival/Proyectos/GitHub/Automatic-Organization-of-Anime-Character-Images/anime_character_pipeline/organized_output/anime_organized_20260523_220036/_contact_sheets/cluster_00061_unknown.jpg
cluster_00014_unknown,17,17,True,/home/ssparzival/Proyectos/GitHub/Automatic-Organization-of-Anime-Character-Images/anime_character_pipeline/organized_output/anime_organized_20260523_220036/_contact_sheets/cluster_00014_unknown.jpg
cluster_00031_unknown,17,17,True,/home/ssparzival/Proyectos/GitHub/Automatic-Organization-of-Anime-Character-Images/anime_character_pipeline/organized_output/anime_organized_20260523_220036/_contact_sheets/cluster_00031_unknown.jpg
cluster_00046_unknown,17,17,True,/home/ssparzival/Proyectos/GitHub/Automatic-Organization-of-Anime-Character-Images/anime_character_pipeline/organized_output/anime_organized_20260523_220036/_contact_sheets/cluster_00046_unknown.jpg
cluster_00051_unknown,16,16,True,/home/ssparzival/Proyectos/GitHub/Automatic-Organization-of-Anime-Character-Images/anime_character_pipeline/organized_output/anime_organized_20260523_220036/_contact_sheets/cluster_00051_unknown.jpg
cluster_00098_unknown,16,16,True,/home/ssparzival/Proyectos/GitHub/Automatic-Organization-of-Anime-Character-Images/anime_character_pipeline/organized_output/anime_organized_20260523_220036/_contact_sheets/cluster_00098_unknown.jpg
cluster_00091_unknown,15,15,True,/home/ssparzival/Proyectos/GitHub/Automatic-Organization-of-Anime-Character-Images/anime_character_pipeline/organized_output/anime_organized_20260523_220036/_contact_sheets/cluster_00091_unknown.jpg
cluster_00143_unknown,15,15,True,/home/ssparzival/Proyectos/GitHub/Automatic-Organization-of-Anime-Character-Images/anime_character_pipeline/organized_output/anime_organized_20260523_220036/_contact_sheets/cluster_00143_unknown.jpg
cluster_00045_unknown_review,15,15,True,/home/ssparzival/Proyectos/GitHub/Automatic-Organization-of-Anime-Character-Images/anime_character_pipeline/organized_output/anime_organized_20260523_220036/_contact_sheets/cluster_00045_unknown_review.jpg
cluster_00184_unknown,15,15,True,/home/ssparzival/Proyectos/GitHub/Automatic-Organization-of-Anime-Character-Images/anime_character_pipeline/organized_output/anime_organized_20260523_220036/_contact_sheets/cluster_00184_unknown.jpg
cluster_00164_unknown,15,15,True,/home/ssparzival/Proyectos/GitHub/Automatic-Organization-of-Anime-Character-Images/anime_character_pipeline/organized_output/anime_organized_20260523_220036/_contact_sheets/cluster_00164_unknown.jpg
cluster_00168_unknown,14,14,True,/home/ssparzival/Proyectos/GitHub/Automatic-Organization-of-Anime-Character-Images/anime_character_pipeline/organized_output/anime_organized_20260523_220036/_contact_sheets/cluster_00168_unknown.jpg
cluster_00122_unknown,14,14,True,/home/ssparzival/Proyectos/GitHub/Automatic-Organization-of-Anime-Character-Images/anime_character_pipeline/organized_output/anime_organized_20260523_220036/_contact_sheets/cluster_00122_unknown.jpg
cluster_00086_unknown,14,14,True,/home/ssparzival/Proyectos/GitHub/Automatic-Organization-of-Anime-Character-Images/anime_character_pipeline/organized_output/anime_organized_20260523_220036/_contact_sheets/cluster_00086_unknown.jpg
cluster_00084_unknown,14,14,True,/home/ssparzival/Proyectos/GitHub/Automatic-Organization-of-Anime-Character-Images/anime_character_pipeline/organized_output/anime_organized_20260523_220036/_contact_sheets/cluster_00084_unknown.jpg
cluster_00105_unknown,14,14,True,/home/ssparzival/Proyectos/GitHub/Automatic-Organization-of-Anime-Character-Images/anime_character_pipeline/organized_output/anime_organized_20260523_220036/_contact_sheets/cluster_00105_unknown.jpg
cluster_00036_unknown,13,13,True,/home/ssparzival/Proyectos/GitHub/Automatic-Organization-of-Anime-Character-Images/anime_character_pipeline/organized_output/anime_organized_20260523_220036/_contact_sheets/cluster_00036_unknown.jpg
cluster_00034_unknown,13,13,True,/home/ssparzival/Proyectos/GitHub/Automatic-Organization-of-Anime-Character-Images/anime_character_pipeline/organized_output/anime_organized_20260523_220036/_contact_sheets/cluster_00034_unknown.jpg
cluster_00002_unknown,13,13,True,/home/ssparzival/Proyectos/GitHub/Automatic-Organization-of-Anime-Character-Images/anime_character_pipeline/organized_output/anime_organized_20260523_220036/_contact_sheets/cluster_00002_unknown.jpg
cluster_00141_unknown_review,13,13,True,/home/ssparzival/Proyectos/GitHub/Automatic-Organization-of-Anime-Character-Images/anime_character_pipeline/organized_output/anime_organized_20260523_220036/_contact_sheets/cluster_00141_unknown_review.jpg
cluster_00085_unknown,13,13,True,/home/ssparzival/Proyectos/GitHub/Automatic-Organization-of-Anime-Character-Images/anime_character_pipeline/organized_output/anime_organized_20260523_220036/_contact_sheets/cluster_00085_unknown.jpg
cluster_00132_unknown,13,13,True,/home/ssparzival/Proyectos/GitHub/Automatic-Organization-of-Anime-Character-Images/anime_character_pipeline/organized_output/anime_organized_20260523_220036/_contact_sheets/cluster_00132_unknown.jpg
cluster_00056_unknown_review,13,13,True,/home/ssparzival/Proyectos/GitHub/Automatic-Organization-of-Anime-Character-Images/anime_character_pipeline/organized_output/anime_organized_20260523_220036/_contact_sheets/cluster_00056_unknown_review.jpg
cluster_00066_unknown,12,12,True,/home/ssparzival/Proyectos/GitHub/Automatic-Organization-of-Anime-Character-Images/anime_character_pipeline/organized_output/anime_organized_20260523_220036/_contact_sheets/cluster_00066_unknown.jpg
cluster_00024_unknown,12,12,True,/home/ssparzival/Proyectos/GitHub/Automatic-Organization-of-Anime-Character-Images/anime_character_pipeline/organized_output/anime_organized_20260523_220036/_contact_sheets/cluster_00024_unknown.jpg
cluster_00159_unknown,12,12,True,/home/ssparzival/Proyectos/GitHub/Automatic-Organization-of-Anime-Character-Images/anime_character_pipeline/organized_output/anime_organized_20260523_220036/_contact_sheets/cluster_00159_unknown.jpg
cluster_00160_unknown_review,12,12,True,/home/ssparzival/Proyectos/GitHub/Automatic-Organization-of-Anime-Character-Images/anime_character_pipeline/organized_output/anime_organized_20260523_220036/_contact_sheets/cluster_00160_unknown_review.jpg
cluster_00156_unknown,12,12,True,/home/ssparzival/Proyectos/GitHub/Automatic-Organization-of-Anime-Character-Images/anime_character_pipeline/organized_output/anime_organized_20260523_220036/_contact_sheets/cluster_00156_unknown.jpg
cluster_00009_unknown,12,12,True,/home/ssparzival/Proyectos/GitHub/Automatic-Organization-of-Anime-Character-Images/anime_character_pipeline/organized_output/anime_organized_20260523_220036/_contact_sheets/cluster_00009_unknown.jpg
cluster_00124_unknown,12,12,True,/home/ssparzival/Proyectos/GitHub/Automatic-Organization-of-Anime-Character-Images/anime_character_pipeline/organized_output/anime_organized_20260523_220036/_contact_sheets/cluster_00124_unknown.jpg
cluster_00088_unknown,11,11,True,/home/ssparzival/Proyectos/GitHub/Automatic-Organization-of-Anime-Character-Images/anime_character_pipeline/organized_output/anime_organized_20260523_220036/_contact_sheets/cluster_00088_unknown.jpg
cluster_00149_unknown_review,11,11,True,/home/ssparzival/Proyectos/GitHub/Automatic-Organization-of-Anime-Character-Images/anime_character_pipeline/organized_output/anime_organized_20260523_220036/_contact_sheets/cluster_00149_unknown_review.jpg
cluster_00106_unknown,11,11,True,/home/ssparzival/Proyectos/GitHub/Automatic-Organization-of-Anime-Character-Images/anime_character_pipeline/organized_output/anime_organized_20260523_220036/_contact_sheets/cluster_00106_unknown.jpg
cluster_00179_unknown_review,11,11,True,/home/ssparzival/Proyectos/GitHub/Automatic-Organization-of-Anime-Character-Images/anime_character_pipeline/organized_output/anime_organized_20260523_220036/_contact_sheets/cluster_00179_unknown_review.jpg
cluster_00108_unknown_review,11,11,True,/home/ssparzival/Proyectos/GitHub/Automatic-Organization-of-Anime-Character-Images/anime_character_pipeline/organized_output/anime_organized_20260523_220036/_contact_sheets/cluster_00108_unknown_review.jpg
cluster_00114_unknown_review,11,11,True,/home/ssparzival/Proyectos/GitHub/Automatic-Organization-of-Anime-Character-Images/anime_character_pipeline/organized_output/anime_organized_20260523_220036/_contact_sheets/cluster_00114_unknown_review.jpg
cluster_00115_unknown_review,11,11,True,/home/ssparzival/Proyectos/GitHub/Automatic-Organization-of-Anime-Character-Images/anime_character_pipeline/organized_output/anime_organized_20260523_220036/_contact_sheets/cluster_00115_unknown_review.jpg
cluster_00137_unknown_review,11,11,True,/home/ssparzival/Proyectos/GitHub/Automatic-Organization-of-Anime-Character-Images/anime_character_pipeline/organized_output/anime_organized_20260523_220036/_contact_sheets/cluster_00137_unknown_review.jpg
cluster_00153_unknown_review,11,11,True,/home/ssparzival/Proyectos/GitHub/Automatic-Organization-of-Anime-Character-Images/anime_character_pipeline/organized_output/anime_organized_20260523_220036/_contact_sheets/cluster_00153_unknown_review.jpg
cluster_00114_unknown,11,11,True,/home/ssparzival/Proyectos/GitHub/Automatic-Organization-of-Anime-Character-Images/anime_character_pipeline/organized_output/anime_organized_20260523_220036/_contact_sheets/cluster_00114_unknown.jpg
cluster_00097_unknown,11,11,True,/home/ssparzival/Proyectos/GitHub/Automatic-Organization-of-Anime-Character-Images/anime_character_pipeline/organized_output/anime_organized_20260523_220036/_contact_sheets/cluster_00097_unknown.jpg
cluster_00023_unknown,11,11,True,/home/ssparzival/Proyectos/GitHub/Automatic-Organization-of-Anime-Character-Images/anime_character_pipeline/organized_output/anime_organized_20260523_220036/_contact_sheets/cluster_00023_unknown.jpg
cluster_00055_unknown,11,11,True,/home/ssparzival/Proyectos/GitHub/Automatic-Organization-of-Anime-Character-Images/anime_character_pipeline/organized_output/anime_organized_20260523_220036/_contact_sheets/cluster_00055_unknown.jpg
cluster_00058_unknown,11,11,True,/home/ssparzival/Proyectos/GitHub/Automatic-Organization-of-Anime-Character-Images/anime_character_pipeline/organized_output/anime_organized_20260523_220036/_contact_sheets/cluster_00058_unknown.jpg
cluster_00063_unknown,11,11,True,/home/ssparzival/Proyectos/GitHub/Automatic-Organization-of-Anime-Character-Images/anime_character_pipeline/organized_output/anime_organized_20260523_220036/_contact_sheets/cluster_00063_unknown.jpg
cluster_00067_unknown,11,11,True,/home/ssparzival/Proyectos/GitHub/Automatic-Organization-of-Anime-Character-Images/anime_character_pipeline/organized_output/anime_organized_20260523_220036/_contact_sheets/cluster_00067_unknown.jpg
cluster_00070_unknown,10,10,True,/home/ssparzival/Proyectos/GitHub/Automatic-Organization-of-Anime-Character-Images/anime_character_pipeline/organized_output/anime_organized_20260523_220036/_contact_sheets/cluster_00070_unknown.jpg
cluster_00084_unknown_review,10,10,True,/home/ssparzival/Proyectos/GitHub/Automatic-Organization-of-Anime-Character-Images/anime_character_pipeline/organized_output/anime_organized_20260523_220036/_contact_sheets/cluster_00084_unknown_review.jpg
cluster_00186_unknown,10,10,True,/home/ssparzival/Proyectos/GitHub/Automatic-Organization-of-Anime-Character-Images/anime_character_pipeline/organized_output/anime_organized_20260523_220036/_contact_sheets/cluster_00186_unknown.jpg
cluster_00026_unknown_review,10,10,True,/home/ssparzival/Proyectos/GitHub/Automatic-Organization-of-Anime-Character-Images/anime_character_pipeline/organized_output/anime_organized_20260523_220036/_contact_sheets/cluster_00026_unknown_review.jpg
cluster_00031_unknown_review,10,10,True,/home/ssparzival/Proyectos/GitHub/Automatic-Organization-of-Anime-Character-Images/anime_character_pipeline/organized_output/anime_organized_20260523_220036/_contact_sheets/cluster_00031_unknown_review.jpg
cluster_00036_unknown_review,10,10,True,/home/ssparzival/Proyectos/GitHub/Automatic-Organization-of-Anime-Character-Images/anime_character_pipeline/organized_output/anime_organized_20260523_220036/_contact_sheets/cluster_00036_unknown_review.jpg
cluster_00138_unknown,10,10,True,/home/ssparzival/Proyectos/GitHub/Automatic-Organization-of-Anime-Character-Images/anime_character_pipeline/organized_output/anime_organized_20260523_220036/_contact_sheets/cluster_00138_unknown.jpg
cluster_00121_unknown,10,10,True,/home/ssparzival/Proyectos/GitHub/Automatic-Organization-of-Anime-Character-Images/anime_character_pipeline/organized_output/anime_organized_20260523_220036/_contact_sheets/cluster_00121_unknown.jpg
cluster_00103_unknown,10,10,True,/home/ssparzival/Proyectos/GitHub/Automatic-Organization-of-Anime-Character-Images/anime_character_pipeline/organized_output/anime_organized_20260523_220036/_contact_sheets/cluster_00103_unknown.jpg
cluster_00187_unknown_review,10,10,True,/home/ssparzival/Proyectos/GitHub/Automatic-Organization-of-Anime-Character-Images/anime_character_pipeline/organized_output/anime_organized_20260523_220036/_contact_sheets/cluster_00187_unknown_review.jpg
cluster_00134_unknown_review,9,9,True,/home/ssparzival/Proyectos/GitHub/Automatic-Organization-of-Anime-Character-Images/anime_character_pipeline/organized_output/anime_organized_20260523_220036/_contact_sheets/cluster_00134_unknown_review.jpg
cluster_00071_unknown,9,9,True,/home/ssparzival/Proyectos/GitHub/Automatic-Organization-of-Anime-Character-Images/anime_character_pipeline/organized_output/anime_organized_20260523_220036/_contact_sheets/cluster_00071_unknown.jpg
cluster_00162_unknown_review,9,9,True,/home/ssparzival/Proyectos/GitHub/Automatic-Organization-of-Anime-Character-Images/anime_character_pipeline/organized_output/anime_organized_20260523_220036/_contact_sheets/cluster_00162_unknown_review.jpg
cluster_00150_unknown,9,9,True,/home/ssparzival/Proyectos/GitHub/Automatic-Organization-of-Anime-Character-Images/anime_character_pipeline/organized_output/anime_organized_20260523_220036/_contact_sheets/cluster_00150_unknown.jpg
cluster_00029_unknown_review,9,9,True,/home/ssparzival/Proyectos/GitHub/Automatic-Organization-of-Anime-Character-Images/anime_character_pipeline/organized_output/anime_organized_20260523_220036/_contact_sheets/cluster_00029_unknown_review.jpg
cluster_00037_unknown,9,9,True,/home/ssparzival/Proyectos/GitHub/Automatic-Organization-of-Anime-Character-Images/anime_character_pipeline/organized_output/anime_organized_20260523_220036/_contact_sheets/cluster_00037_unknown.jpg
cluster_00008_unknown,9,9,True,/home/ssparzival/Proyectos/GitHub/Automatic-Organization-of-Anime-Character-Images/anime_character_pipeline/organized_output/anime_organized_20260523_220036/_contact_sheets/cluster_00008_unknown.jpg
cluster_00130_unknown,9,9,True,/home/ssparzival/Proyectos/GitHub/Automatic-Organization-of-Anime-Character-Images/anime_character_pipeline/organized_output/anime_organized_20260523_220036/_contact_sheets/cluster_00130_unknown.jpg
cluster_00128_unknown,9,9,True,/home/ssparzival/Proyectos/GitHub/Automatic-Organization-of-Anime-Character-Images/anime_character_pipeline/organized_output/anime_organized_20260523_220036/_contact_sheets/cluster_00128_unknown.jpg
cluster_00014_unknown_review,9,9,True,/home/ssparzival/Proyectos/GitHub/Automatic-Organization-of-Anime-Character-Images/anime_character_pipeline/organized_output/anime_organized_20260523_220036/_contact_sheets/cluster_00014_unknown_review.jpg
cluster_00116_unknown_review,9,9,True,/home/ssparzival/Proyectos/GitHub/Automatic-Organization-of-Anime-Character-Images/anime_character_pipeline/organized_output/anime_organized_20260523_220036/_contact_sheets/cluster_00116_unknown_review.jpg
cluster_00004_unknown,9,9,True,/home/ssparzival/Proyectos/GitHub/Automatic-Organization-of-Anime-Character-Images/anime_character_pipeline/organized_output/anime_organized_20260523_220036/_contact_sheets/cluster_00004_unknown.jpg
cluster_00184_unknown_review,9,9,True,/home/ssparzival/Proyectos/GitHub/Automatic-Organization-of-Anime-Character-Images/anime_character_pipeline/organized_output/anime_organized_20260523_220036/_contact_sheets/cluster_00184_unknown_review.jpg
cluster_00062_unknown,9,9,True,/home/ssparzival/Proyectos/GitHub/Automatic-Organization-of-Anime-Character-Images/anime_character_pipeline/organized_output/anime_organized_20260523_220036/_contact_sheets/cluster_00062_unknown.jpg
cluster_00015_unknown_review,9,9,True,/home/ssparzival/Proyectos/GitHub/Automatic-Organization-of-Anime-Character-Images/anime_character_pipeline/organized_output/anime_organized_20260523_220036/_contact_sheets/cluster_00015_unknown_review.jpg
cluster_00041_unknown,8,8,True,/home/ssparzival/Proyectos/GitHub/Automatic-Organization-of-Anime-Character-Images/anime_character_pipeline/organized_output/anime_organized_20260523_220036/_contact_sheets/cluster_00041_unknown.jpg
cluster_00004_unknown_review,8,8,True,/home/ssparzival/Proyectos/GitHub/Automatic-Organization-of-Anime-Character-Images/anime_character_pipeline/organized_output/anime_organized_20260523_220036/_contact_sheets/cluster_00004_unknown_review.jpg
cluster_00102_unknown,8,8,True,/home/ssparzival/Proyectos/GitHub/Automatic-Organization-of-Anime-Character-Images/anime_character_pipeline/organized_output/anime_organized_20260523_220036/_contact_sheets/cluster_00102_unknown.jpg
cluster_00025_unknown,8,8,True,/home/ssparzival/Proyectos/GitHub/Automatic-Organization-of-Anime-Character-Images/anime_character_pipeline/organized_output/anime_organized_20260523_220036/_contact_sheets/cluster_00025_unknown.jpg
cluster_00159_unknown_review,8,8,True,/home/ssparzival/Proyectos/GitHub/Automatic-Organization-of-Anime-Character-Images/anime_character_pipeline/organized_output/anime_organized_20260523_220036/_contact_sheets/cluster_00159_unknown_review.jpg
cluster_00080_unknown_review,8,8,True,/home/ssparzival/Proyectos/GitHub/Automatic-Organization-of-Anime-Character-Images/anime_character_pipeline/organized_output/anime_organized_20260523_220036/_contact_sheets/cluster_00080_unknown_review.jpg
cluster_00075_unknown,8,8,True,/home/ssparzival/Proyectos/GitHub/Automatic-Organization-of-Anime-Character-Images/anime_character_pipeline/organized_output/anime_organized_20260523_220036/_contact_sheets/cluster_00075_unknown.jpg
cluster_00003_unknown,8,8,True,/home/ssparzival/Proyectos/GitHub/Automatic-Organization-of-Anime-Character-Images/anime_character_pipeline/organized_output/anime_organized_20260523_220036/_contact_sheets/cluster_00003_unknown.jpg
cluster_00094_unknown_review,8,8,True,/home/ssparzival/Proyectos/GitHub/Automatic-Organization-of-Anime-Character-Images/anime_character_pipeline/organized_output/anime_organized_20260523_220036/_contact_sheets/cluster_00094_unknown_review.jpg
cluster_00155_unknown_review,8,8,True,/home/ssparzival/Proyectos/GitHub/Automatic-Organization-of-Anime-Character-Images/anime_character_pipeline/organized_output/anime_organized_20260523_220036/_contact_sheets/cluster_00155_unknown_review.jpg
cluster_00099_unknown_review,8,8,True,/home/ssparzival/Proyectos/GitHub/Automatic-Organization-of-Anime-Character-Images/anime_character_pipeline/organized_output/anime_organized_20260523_220036/_contact_sheets/cluster_00099_unknown_review.jpg
cluster_00140_unknown_review,8,8,True,/home/ssparzival/Proyectos/GitHub/Automatic-Organization-of-Anime-Character-Images/anime_character_pipeline/organized_output/anime_organized_20260523_220036/_contact_sheets/cluster_00140_unknown_review.jpg
cluster_00127_unknown_review,8,8,True,/home/ssparzival/Proyectos/GitHub/Automatic-Organization-of-Anime-Character-Images/anime_character_pipeline/organized_output/anime_organized_20260523_220036/_contact_sheets/cluster_00127_unknown_review.jpg
cluster_00017_unknown_review,8,8,True,/home/ssparzival/Proyectos/GitHub/Automatic-Organization-of-Anime-Character-Images/anime_character_pipeline/organized_output/anime_organized_20260523_220036/_contact_sheets/cluster_00017_unknown_review.jpg
cluster_00013_unknown,8,8,True,/home/ssparzival/Proyectos/GitHub/Automatic-Organization-of-Anime-Character-Images/anime_character_pipeline/organized_output/anime_organized_20260523_220036/_contact_sheets/cluster_00013_unknown.jpg
cluster_00074_unknown,8,8,True,/home/ssparzival/Proyectos/GitHub/Automatic-Organization-of-Anime-Character-Images/anime_character_pipeline/organized_output/anime_organized_20260523_220036/_contact_sheets/cluster_00074_unknown.jpg
cluster_00129_unknown,8,8,True,/home/ssparzival/Proyectos/GitHub/Automatic-Organization-of-Anime-Character-Images/anime_character_pipeline/organized_output/anime_organized_20260523_220036/_contact_sheets/cluster_00129_unknown.jpg
cluster_00050_unknown_review,7,7,True,/home/ssparzival/Proyectos/GitHub/Automatic-Organization-of-Anime-Character-Images/anime_character_pipeline/organized_output/anime_organized_20260523_220036/_contact_sheets/cluster_00050_unknown_review.jpg
cluster_00117_unknown,7,7,True,/home/ssparzival/Proyectos/GitHub/Automatic-Organization-of-Anime-Character-Images/anime_character_pipeline/organized_output/anime_organized_20260523_220036/_contact_sheets/cluster_00117_unknown.jpg
cluster_00182_unknown_review,7,7,True,/home/ssparzival/Proyectos/GitHub/Automatic-Organization-of-Anime-Character-Images/anime_character_pipeline/organized_output/anime_organized_20260523_220036/_contact_sheets/cluster_00182_unknown_review.jpg
cluster_00076_unknown,7,7,True,/home/ssparzival/Proyectos/GitHub/Automatic-Organization-of-Anime-Character-Images/anime_character_pipeline/organized_output/anime_organized_20260523_220036/_contact_sheets/cluster_00076_unknown.jpg
cluster_00068_unknown,7,7,True,/home/ssparzival/Proyectos/GitHub/Automatic-Organization-of-Anime-Character-Images/anime_character_pipeline/organized_output/anime_organized_20260523_220036/_contact_sheets/cluster_00068_unknown.jpg
cluster_00154_unknown_review,7,7,True,/home/ssparzival/Proyectos/GitHub/Automatic-Organization-of-Anime-Character-Images/anime_character_pipeline/organized_output/anime_organized_20260523_220036/_contact_sheets/cluster_00154_unknown_review.jpg
cluster_00078_unknown,7,7,True,/home/ssparzival/Proyectos/GitHub/Automatic-Organization-of-Anime-Character-Images/anime_character_pipeline/organized_output/anime_organized_20260523_220036/_contact_sheets/cluster_00078_unknown.jpg
cluster_00109_unknown_review,7,7,True,/home/ssparzival/Proyectos/GitHub/Automatic-Organization-of-Anime-Character-Images/anime_character_pipeline/organized_output/anime_organized_20260523_220036/_contact_sheets/cluster_00109_unknown_review.jpg
cluster_00157_unknown,7,7,True,/home/ssparzival/Proyectos/GitHub/Automatic-Organization-of-Anime-Character-Images/anime_character_pipeline/organized_output/anime_organized_20260523_220036/_contact_sheets/cluster_00157_unknown.jpg
cluster_00020_unknown_review,7,7,True,/home/ssparzival/Proyectos/GitHub/Automatic-Organization-of-Anime-Character-Images/anime_character_pipeline/organized_output/anime_organized_20260523_220036/_contact_sheets/cluster_00020_unknown_review.jpg
cluster_00089_unknown,7,7,True,/home/ssparzival/Proyectos/GitHub/Automatic-Organization-of-Anime-Character-Images/anime_character_pipeline/organized_output/anime_organized_20260523_220036/_contact_sheets/cluster_00089_unknown.jpg
cluster_00095_unknown,7,7,True,/home/ssparzival/Proyectos/GitHub/Automatic-Organization-of-Anime-Character-Images/anime_character_pipeline/organized_output/anime_organized_20260523_220036/_contact_sheets/cluster_00095_unknown.jpg
cluster_00046_unknown_review,6,6,True,/home/ssparzival/Proyectos/GitHub/Automatic-Organization-of-Anime-Character-Images/anime_character_pipeline/organized_output/anime_organized_20260523_220036/_contact_sheets/cluster_00046_unknown_review.jpg
cluster_00180_unknown_review,6,6,True,/home/ssparzival/Proyectos/GitHub/Automatic-Organization-of-Anime-Character-Images/anime_character_pipeline/organized_output/anime_organized_20260523_220036/_contact_sheets/cluster_00180_unknown_review.jpg
cluster_00081_unknown,6,6,True,/home/ssparzival/Proyectos/GitHub/Automatic-Organization-of-Anime-Character-Images/anime_character_pipeline/organized_output/anime_organized_20260523_220036/_contact_sheets/cluster_00081_unknown.jpg
cluster_00030_unknown_review,6,6,True,/home/ssparzival/Proyectos/GitHub/Automatic-Organization-of-Anime-Character-Images/anime_character_pipeline/organized_output/anime_organized_20260523_220036/_contact_sheets/cluster_00030_unknown_review.jpg
cluster_00047_unknown,6,6,True,/home/ssparzival/Proyectos/GitHub/Automatic-Organization-of-Anime-Character-Images/anime_character_pipeline/organized_output/anime_organized_20260523_220036/_contact_sheets/cluster_00047_unknown.jpg
cluster_00092_unknown,6,6,True,/home/ssparzival/Proyectos/GitHub/Automatic-Organization-of-Anime-Character-Images/anime_character_pipeline/organized_output/anime_organized_20260523_220036/_contact_sheets/cluster_00092_unknown.jpg
cluster_00145_unknown_review,6,6,True,/home/ssparzival/Proyectos/GitHub/Automatic-Organization-of-Anime-Character-Images/anime_character_pipeline/organized_output/anime_organized_20260523_220036/_contact_sheets/cluster_00145_unknown_review.jpg
cluster_00073_unknown,6,6,True,/home/ssparzival/Proyectos/GitHub/Automatic-Organization-of-Anime-Character-Images/anime_character_pipeline/organized_output/anime_organized_20260523_220036/_contact_sheets/cluster_00073_unknown.jpg
cluster_00120_unknown_review,6,6,True,/home/ssparzival/Proyectos/GitHub/Automatic-Organization-of-Anime-Character-Images/anime_character_pipeline/organized_output/anime_organized_20260523_220036/_contact_sheets/cluster_00120_unknown_review.jpg
cluster_00144_unknown_review,6,6,True,/home/ssparzival/Proyectos/GitHub/Automatic-Organization-of-Anime-Character-Images/anime_character_pipeline/organized_output/anime_organized_20260523_220036/_contact_sheets/cluster_00144_unknown_review.jpg
cluster_00006_unknown,6,6,True,/home/ssparzival/Proyectos/GitHub/Automatic-Organization-of-Anime-Character-Images/anime_character_pipeline/organized_output/anime_organized_20260523_220036/_contact_sheets/cluster_00006_unknown.jpg
cluster_00035_unknown,6,6,True,/home/ssparzival/Proyectos/GitHub/Automatic-Organization-of-Anime-Character-Images/anime_character_pipeline/organized_output/anime_organized_20260523_220036/_contact_sheets/cluster_00035_unknown.jpg
cluster_00126_unknown,6,6,True,/home/ssparzival/Proyectos/GitHub/Automatic-Organization-of-Anime-Character-Images/anime_character_pipeline/organized_output/anime_organized_20260523_220036/_contact_sheets/cluster_00126_unknown.jpg
cluster_00185_unknown_review,6,6,True,/home/ssparzival/Proyectos/GitHub/Automatic-Organization-of-Anime-Character-Images/anime_character_pipeline/organized_output/anime_organized_20260523_220036/_contact_sheets/cluster_00185_unknown_review.jpg
cluster_00039_unknown_review,6,6,True,/home/ssparzival/Proyectos/GitHub/Automatic-Organization-of-Anime-Character-Images/anime_character_pipeline/organized_output/anime_organized_20260523_220036/_contact_sheets/cluster_00039_unknown_review.jpg
cluster_00136_unknown_review,6,6,True,/home/ssparzival/Proyectos/GitHub/Automatic-Organization-of-Anime-Character-Images/anime_character_pipeline/organized_output/anime_organized_20260523_220036/_contact_sheets/cluster_00136_unknown_review.jpg
cluster_00111_unknown_review,6,6,True,/home/ssparzival/Proyectos/GitHub/Automatic-Organization-of-Anime-Character-Images/anime_character_pipeline/organized_output/anime_organized_20260523_220036/_contact_sheets/cluster_00111_unknown_review.jpg
cluster_00178_unknown_review,6,6,True,/home/ssparzival/Proyectos/GitHub/Automatic-Organization-of-Anime-Character-Images/anime_character_pipeline/organized_output/anime_organized_20260523_220036/_contact_sheets/cluster_00178_unknown_review.jpg
cluster_00027_unknown,6,6,True,/home/ssparzival/Proyectos/GitHub/Automatic-Organization-of-Anime-Character-Images/anime_character_pipeline/organized_output/anime_organized_20260523_220036/_contact_sheets/cluster_00027_unknown.jpg
cluster_00158_unknown,6,6,True,/home/ssparzival/Proyectos/GitHub/Automatic-Organization-of-Anime-Character-Images/anime_character_pipeline/organized_output/anime_organized_20260523_220036/_contact_sheets/cluster_00158_unknown.jpg
cluster_00096_unknown_review,6,6,True,/home/ssparzival/Proyectos/GitHub/Automatic-Organization-of-Anime-Character-Images/anime_character_pipeline/organized_output/anime_organized_20260523_220036/_contact_sheets/cluster_00096_unknown_review.jpg
cluster_00059_unknown,6,6,True,/home/ssparzival/Proyectos/GitHub/Automatic-Organization-of-Anime-Character-Images/anime_character_pipeline/organized_output/anime_organized_20260523_220036/_contact_sheets/cluster_00059_unknown.jpg
cluster_00072_unknown,6,6,True,/home/ssparzival/Proyectos/GitHub/Automatic-Organization-of-Anime-Character-Images/anime_character_pipeline/organized_output/anime_organized_20260523_220036/_contact_sheets/cluster_00072_unknown.jpg
cluster_00173_unknown,6,6,True,/home/ssparzival/Proyectos/GitHub/Automatic-Organization-of-Anime-Character-Images/anime_character_pipeline/organized_output/anime_organized_20260523_220036/_contact_sheets/cluster_00173_unknown.jpg
cluster_00156_unknown_review,6,6,True,/home/ssparzival/Proyectos/GitHub/Automatic-Organization-of-Anime-Character-Images/anime_character_pipeline/organized_output/anime_organized_20260523_220036/_contact_sheets/cluster_00156_unknown_review.jpg
cluster_00065_unknown,5,5,True,/home/ssparzival/Proyectos/GitHub/Automatic-Organization-of-Anime-Character-Images/anime_character_pipeline/organized_output/anime_organized_20260523_220036/_contact_sheets/cluster_00065_unknown.jpg
cluster_00087_unknown_review,5,5,True,/home/ssparzival/Proyectos/GitHub/Automatic-Organization-of-Anime-Character-Images/anime_character_pipeline/organized_output/anime_organized_20260523_220036/_contact_sheets/cluster_00087_unknown_review.jpg
cluster_00104_unknown,5,5,True,/home/ssparzival/Proyectos/GitHub/Automatic-Organization-of-Anime-Character-Images/anime_character_pipeline/organized_output/anime_organized_20260523_220036/_contact_sheets/cluster_00104_unknown.jpg
cluster_00105_unknown_review,5,5,True,/home/ssparzival/Proyectos/GitHub/Automatic-Organization-of-Anime-Character-Images/anime_character_pipeline/organized_output/anime_organized_20260523_220036/_contact_sheets/cluster_00105_unknown_review.jpg
cluster_00034_unknown_review,5,5,True,/home/ssparzival/Proyectos/GitHub/Automatic-Organization-of-Anime-Character-Images/anime_character_pipeline/organized_output/anime_organized_20260523_220036/_contact_sheets/cluster_00034_unknown_review.jpg
cluster_00123_unknown,5,5,True,/home/ssparzival/Proyectos/GitHub/Automatic-Organization-of-Anime-Character-Images/anime_character_pipeline/organized_output/anime_organized_20260523_220036/_contact_sheets/cluster_00123_unknown.jpg
cluster_00131_unknown_review,5,5,True,/home/ssparzival/Proyectos/GitHub/Automatic-Organization-of-Anime-Character-Images/anime_character_pipeline/organized_output/anime_organized_20260523_220036/_contact_sheets/cluster_00131_unknown_review.jpg
cluster_00042_unknown_review,5,5,True,/home/ssparzival/Proyectos/GitHub/Automatic-Organization-of-Anime-Character-Images/anime_character_pipeline/organized_output/anime_organized_20260523_220036/_contact_sheets/cluster_00042_unknown_review.jpg
cluster_00033_unknown_review,5,5,True,/home/ssparzival/Proyectos/GitHub/Automatic-Organization-of-Anime-Character-Images/anime_character_pipeline/organized_output/anime_organized_20260523_220036/_contact_sheets/cluster_00033_unknown_review.jpg
cluster_00052_unknown,5,5,True,/home/ssparzival/Proyectos/GitHub/Automatic-Organization-of-Anime-Character-Images/anime_character_pipeline/organized_output/anime_organized_20260523_220036/_contact_sheets/cluster_00052_unknown.jpg
cluster_00032_unknown,5,5,True,/home/ssparzival/Proyectos/GitHub/Automatic-Organization-of-Anime-Character-Images/anime_character_pipeline/organized_output/anime_organized_20260523_220036/_contact_sheets/cluster_00032_unknown.jpg
cluster_00100_unknown_review,5,5,True,/home/ssparzival/Proyectos/GitHub/Automatic-Organization-of-Anime-Character-Images/anime_character_pipeline/organized_output/anime_organized_20260523_220036/_contact_sheets/cluster_00100_unknown_review.jpg
cluster_00119_unknown_review,5,5,True,/home/ssparzival/Proyectos/GitHub/Automatic-Organization-of-Anime-Character-Images/anime_character_pipeline/organized_output/anime_organized_20260523_220036/_contact_sheets/cluster_00119_unknown_review.jpg
cluster_00049_unknown,5,5,True,/home/ssparzival/Proyectos/GitHub/Automatic-Organization-of-Anime-Character-Images/anime_character_pipeline/organized_output/anime_organized_20260523_220036/_contact_sheets/cluster_00049_unknown.jpg
cluster_00044_unknown,5,5,True,/home/ssparzival/Proyectos/GitHub/Automatic-Organization-of-Anime-Character-Images/anime_character_pipeline/organized_output/anime_organized_20260523_220036/_contact_sheets/cluster_00044_unknown.jpg
cluster_00028_unknown_review,5,5,True,/home/ssparzival/Proyectos/GitHub/Automatic-Organization-of-Anime-Character-Images/anime_character_pipeline/organized_output/anime_organized_20260523_220036/_contact_sheets/cluster_00028_unknown_review.jpg
cluster_00057_unknown_review,5,5,True,/home/ssparzival/Proyectos/GitHub/Automatic-Organization-of-Anime-Character-Images/anime_character_pipeline/organized_output/anime_organized_20260523_220036/_contact_sheets/cluster_00057_unknown_review.jpg
cluster_00053_unknown,5,5,True,/home/ssparzival/Proyectos/GitHub/Automatic-Organization-of-Anime-Character-Images/anime_character_pipeline/organized_output/anime_organized_20260523_220036/_contact_sheets/cluster_00053_unknown.jpg
cluster_00077_unknown,5,5,True,/home/ssparzival/Proyectos/GitHub/Automatic-Organization-of-Anime-Character-Images/anime_character_pipeline/organized_output/anime_organized_20260523_220036/_contact_sheets/cluster_00077_unknown.jpg
cluster_00101_unknown,5,5,True,/home/ssparzival/Proyectos/GitHub/Automatic-Organization-of-Anime-Character-Images/anime_character_pipeline/organized_output/anime_organized_20260523_220036/_contact_sheets/cluster_00101_unknown.jpg
cluster_00054_unknown,5,5,True,/home/ssparzival/Proyectos/GitHub/Automatic-Organization-of-Anime-Character-Images/anime_character_pipeline/organized_output/anime_organized_20260523_220036/_contact_sheets/cluster_00054_unknown.jpg
cluster_00071_unknown_review,4,4,True,/home/ssparzival/Proyectos/GitHub/Automatic-Organization-of-Anime-Character-Images/anime_character_pipeline/organized_output/anime_organized_20260523_220036/_contact_sheets/cluster_00071_unknown_review.jpg
cluster_00038_unknown_review,4,4,True,/home/ssparzival/Proyectos/GitHub/Automatic-Organization-of-Anime-Character-Images/anime_character_pipeline/organized_output/anime_organized_20260523_220036/_contact_sheets/cluster_00038_unknown_review.jpg
cluster_00135_unknown,4,4,True,/home/ssparzival/Proyectos/GitHub/Automatic-Organization-of-Anime-Character-Images/anime_character_pipeline/organized_output/anime_organized_20260523_220036/_contact_sheets/cluster_00135_unknown.jpg
cluster_00019_unknown,4,4,True,/home/ssparzival/Proyectos/GitHub/Automatic-Organization-of-Anime-Character-Images/anime_character_pipeline/organized_output/anime_organized_20260523_220036/_contact_sheets/cluster_00019_unknown.jpg
cluster_00016_unknown,4,4,True,/home/ssparzival/Proyectos/GitHub/Automatic-Organization-of-Anime-Character-Images/anime_character_pipeline/organized_output/anime_organized_20260523_220036/_contact_sheets/cluster_00016_unknown.jpg
cluster_00175_unknown_review,4,4,True,/home/ssparzival/Proyectos/GitHub/Automatic-Organization-of-Anime-Character-Images/anime_character_pipeline/organized_output/anime_organized_20260523_220036/_contact_sheets/cluster_00175_unknown_review.jpg
cluster_00010_unknown_review,4,4,True,/home/ssparzival/Proyectos/GitHub/Automatic-Organization-of-Anime-Character-Images/anime_character_pipeline/organized_output/anime_organized_20260523_220036/_contact_sheets/cluster_00010_unknown_review.jpg
cluster_00012_unknown,4,4,True,/home/ssparzival/Proyectos/GitHub/Automatic-Organization-of-Anime-Character-Images/anime_character_pipeline/organized_output/anime_organized_20260523_220036/_contact_sheets/cluster_00012_unknown.jpg
cluster_00146_unknown,4,4,True,/home/ssparzival/Proyectos/GitHub/Automatic-Organization-of-Anime-Character-Images/anime_character_pipeline/organized_output/anime_organized_20260523_220036/_contact_sheets/cluster_00146_unknown.jpg
cluster_00161_unknown_review,4,4,True,/home/ssparzival/Proyectos/GitHub/Automatic-Organization-of-Anime-Character-Images/anime_character_pipeline/organized_output/anime_organized_20260523_220036/_contact_sheets/cluster_00161_unknown_review.jpg
cluster_00021_unknown,4,4,True,/home/ssparzival/Proyectos/GitHub/Automatic-Organization-of-Anime-Character-Images/anime_character_pipeline/organized_output/anime_organized_20260523_220036/_contact_sheets/cluster_00021_unknown.jpg
cluster_00129_unknown_review,4,4,True,/home/ssparzival/Proyectos/GitHub/Automatic-Organization-of-Anime-Character-Images/anime_character_pipeline/organized_output/anime_organized_20260523_220036/_contact_sheets/cluster_00129_unknown_review.jpg
cluster_00186_unknown_review,4,4,True,/home/ssparzival/Proyectos/GitHub/Automatic-Organization-of-Anime-Character-Images/anime_character_pipeline/organized_output/anime_organized_20260523_220036/_contact_sheets/cluster_00186_unknown_review.jpg
cluster_00090_unknown,4,4,True,/home/ssparzival/Proyectos/GitHub/Automatic-Organization-of-Anime-Character-Images/anime_character_pipeline/organized_output/anime_organized_20260523_220036/_contact_sheets/cluster_00090_unknown.jpg
cluster_00067_unknown_review,4,4,True,/home/ssparzival/Proyectos/GitHub/Automatic-Organization-of-Anime-Character-Images/anime_character_pipeline/organized_output/anime_organized_20260523_220036/_contact_sheets/cluster_00067_unknown_review.jpg
cluster_00058_unknown_review,4,4,True,/home/ssparzival/Proyectos/GitHub/Automatic-Organization-of-Anime-Character-Images/anime_character_pipeline/organized_output/anime_organized_20260523_220036/_contact_sheets/cluster_00058_unknown_review.jpg
cluster_00070_unknown_review,4,4,True,/home/ssparzival/Proyectos/GitHub/Automatic-Organization-of-Anime-Character-Images/anime_character_pipeline/organized_output/anime_organized_20260523_220036/_contact_sheets/cluster_00070_unknown_review.jpg
cluster_00005_unknown,4,4,True,/home/ssparzival/Proyectos/GitHub/Automatic-Organization-of-Anime-Character-Images/anime_character_pipeline/organized_output/anime_organized_20260523_220036/_contact_sheets/cluster_00005_unknown.jpg
cluster_00000_unknown,4,4,True,/home/ssparzival/Proyectos/GitHub/Automatic-Organization-of-Anime-Character-Images/anime_character_pipeline/organized_output/anime_organized_20260523_220036/_contact_sheets/cluster_00000_unknown.jpg
cluster_00100_unknown,4,4,True,/home/ssparzival/Proyectos/GitHub/Automatic-Organization-of-Anime-Character-Images/anime_character_pipeline/organized_output/anime_organized_20260523_220036/_contact_sheets/cluster_00100_unknown.jpg
cluster_00125_unknown,4,4,True,/home/ssparzival/Proyectos/GitHub/Automatic-Organization-of-Anime-Character-Images/anime_character_pipeline/organized_output/anime_organized_20260523_220036/_contact_sheets/cluster_00125_unknown.jpg
cluster_00133_unknown,3,3,True,/home/ssparzival/Proyectos/GitHub/Automatic-Organization-of-Anime-Character-Images/anime_character_pipeline/organized_output/anime_organized_20260523_220036/_contact_sheets/cluster_00133_unknown.jpg
cluster_00077_unknown_review,3,3,True,/home/ssparzival/Proyectos/GitHub/Automatic-Organization-of-Anime-Character-Images/anime_character_pipeline/organized_output/anime_organized_20260523_220036/_contact_sheets/cluster_00077_unknown_review.jpg
cluster_00149_unknown,3,3,True,/home/ssparzival/Proyectos/GitHub/Automatic-Organization-of-Anime-Character-Images/anime_character_pipeline/organized_output/anime_organized_20260523_220036/_contact_sheets/cluster_00149_unknown.jpg
cluster_00150_unknown_review,3,3,True,/home/ssparzival/Proyectos/GitHub/Automatic-Organization-of-Anime-Character-Images/anime_character_pipeline/organized_output/anime_organized_20260523_220036/_contact_sheets/cluster_00150_unknown_review.jpg
cluster_00151_unknown_review,3,3,True,/home/ssparzival/Proyectos/GitHub/Automatic-Organization-of-Anime-Character-Images/anime_character_pipeline/organized_output/anime_organized_20260523_220036/_contact_sheets/cluster_00151_unknown_review.jpg
cluster_00101_unknown_review,3,3,True,/home/ssparzival/Proyectos/GitHub/Automatic-Organization-of-Anime-Character-Images/anime_character_pipeline/organized_output/anime_organized_20260523_220036/_contact_sheets/cluster_00101_unknown_review.jpg
cluster_00060_unknown_review,3,3,True,/home/ssparzival/Proyectos/GitHub/Automatic-Organization-of-Anime-Character-Images/anime_character_pipeline/organized_output/anime_organized_20260523_220036/_contact_sheets/cluster_00060_unknown_review.jpg
cluster_00022_unknown_review,3,3,True,/home/ssparzival/Proyectos/GitHub/Automatic-Organization-of-Anime-Character-Images/anime_character_pipeline/organized_output/anime_organized_20260523_220036/_contact_sheets/cluster_00022_unknown_review.jpg
cluster_00061_unknown_review,3,3,True,/home/ssparzival/Proyectos/GitHub/Automatic-Organization-of-Anime-Character-Images/anime_character_pipeline/organized_output/anime_organized_20260523_220036/_contact_sheets/cluster_00061_unknown_review.jpg
cluster_00030_unknown,3,3,True,/home/ssparzival/Proyectos/GitHub/Automatic-Organization-of-Anime-Character-Images/anime_character_pipeline/organized_output/anime_organized_20260523_220036/_contact_sheets/cluster_00030_unknown.jpg
cluster_00001_unknown,3,3,True,/home/ssparzival/Proyectos/GitHub/Automatic-Organization-of-Anime-Character-Images/anime_character_pipeline/organized_output/anime_organized_20260523_220036/_contact_sheets/cluster_00001_unknown.jpg
cluster_00085_unknown_review,3,3,True,/home/ssparzival/Proyectos/GitHub/Automatic-Organization-of-Anime-Character-Images/anime_character_pipeline/organized_output/anime_organized_20260523_220036/_contact_sheets/cluster_00085_unknown_review.jpg
cluster_00068_unknown_review,3,3,True,/home/ssparzival/Proyectos/GitHub/Automatic-Organization-of-Anime-Character-Images/anime_character_pipeline/organized_output/anime_organized_20260523_220036/_contact_sheets/cluster_00068_unknown_review.jpg
cluster_00163_unknown_review,3,3,True,/home/ssparzival/Proyectos/GitHub/Automatic-Organization-of-Anime-Character-Images/anime_character_pipeline/organized_output/anime_organized_20260523_220036/_contact_sheets/cluster_00163_unknown_review.jpg
cluster_00164_unknown_review,3,3,True,/home/ssparzival/Proyectos/GitHub/Automatic-Organization-of-Anime-Character-Images/anime_character_pipeline/organized_output/anime_organized_20260523_220036/_contact_sheets/cluster_00164_unknown_review.jpg
cluster_00011_unknown_review,3,3,True,/home/ssparzival/Proyectos/GitHub/Automatic-Organization-of-Anime-Character-Images/anime_character_pipeline/organized_output/anime_organized_20260523_220036/_contact_sheets/cluster_00011_unknown_review.jpg
cluster_00165_unknown_review,3,3,True,/home/ssparzival/Proyectos/GitHub/Automatic-Organization-of-Anime-Character-Images/anime_character_pipeline/organized_output/anime_organized_20260523_220036/_contact_sheets/cluster_00165_unknown_review.jpg
cluster_00093_unknown,3,3,True,/home/ssparzival/Proyectos/GitHub/Automatic-Organization-of-Anime-Character-Images/anime_character_pipeline/organized_output/anime_organized_20260523_220036/_contact_sheets/cluster_00093_unknown.jpg
cluster_00054_unknown_review,3,3,True,/home/ssparzival/Proyectos/GitHub/Automatic-Organization-of-Anime-Character-Images/anime_character_pipeline/organized_output/anime_organized_20260523_220036/_contact_sheets/cluster_00054_unknown_review.jpg
cluster_00152_unknown,3,3,True,/home/ssparzival/Proyectos/GitHub/Automatic-Organization-of-Anime-Character-Images/anime_character_pipeline/organized_output/anime_organized_20260523_220036/_contact_sheets/cluster_00152_unknown.jpg
cluster_00127_unknown,3,3,True,/home/ssparzival/Proyectos/GitHub/Automatic-Organization-of-Anime-Character-Images/anime_character_pipeline/organized_output/anime_organized_20260523_220036/_contact_sheets/cluster_00127_unknown.jpg
cluster_00043_unknown_review,3,3,True,/home/ssparzival/Proyectos/GitHub/Automatic-Organization-of-Anime-Character-Images/anime_character_pipeline/organized_output/anime_organized_20260523_220036/_contact_sheets/cluster_00043_unknown_review.jpg
cluster_00082_unknown,3,3,True,/home/ssparzival/Proyectos/GitHub/Automatic-Organization-of-Anime-Character-Images/anime_character_pipeline/organized_output/anime_organized_20260523_220036/_contact_sheets/cluster_00082_unknown.jpg
cluster_00043_unknown,3,3,True,/home/ssparzival/Proyectos/GitHub/Automatic-Organization-of-Anime-Character-Images/anime_character_pipeline/organized_output/anime_organized_20260523_220036/_contact_sheets/cluster_00043_unknown.jpg
cluster_00009_unknown_review,3,3,True,/home/ssparzival/Proyectos/GitHub/Automatic-Organization-of-Anime-Character-Images/anime_character_pipeline/organized_output/anime_organized_20260523_220036/_contact_sheets/cluster_00009_unknown_review.jpg
cluster_00135_unknown_review,3,3,True,/home/ssparzival/Proyectos/GitHub/Automatic-Organization-of-Anime-Character-Images/anime_character_pipeline/organized_output/anime_organized_20260523_220036/_contact_sheets/cluster_00135_unknown_review.jpg
cluster_00081_unknown_review,3,3,True,/home/ssparzival/Proyectos/GitHub/Automatic-Organization-of-Anime-Character-Images/anime_character_pipeline/organized_output/anime_organized_20260523_220036/_contact_sheets/cluster_00081_unknown_review.jpg
cluster_00040_unknown_review,3,3,True,/home/ssparzival/Proyectos/GitHub/Automatic-Organization-of-Anime-Character-Images/anime_character_pipeline/organized_output/anime_organized_20260523_220036/_contact_sheets/cluster_00040_unknown_review.jpg
cluster_00045_unknown,3,3,True,/home/ssparzival/Proyectos/GitHub/Automatic-Organization-of-Anime-Character-Images/anime_character_pipeline/organized_output/anime_organized_20260523_220036/_contact_sheets/cluster_00045_unknown.jpg
cluster_00079_unknown_review,3,3,True,/home/ssparzival/Proyectos/GitHub/Automatic-Organization-of-Anime-Character-Images/anime_character_pipeline/organized_output/anime_organized_20260523_220036/_contact_sheets/cluster_00079_unknown_review.jpg
cluster_00167_unknown_review,2,2,True,/home/ssparzival/Proyectos/GitHub/Automatic-Organization-of-Anime-Character-Images/anime_character_pipeline/organized_output/anime_organized_20260523_220036/_contact_sheets/cluster_00167_unknown_review.jpg
cluster_00128_unknown_review,2,2,True,/home/ssparzival/Proyectos/GitHub/Automatic-Organization-of-Anime-Character-Images/anime_character_pipeline/organized_output/anime_organized_20260523_220036/_contact_sheets/cluster_00128_unknown_review.jpg
cluster_00161_unknown,2,2,True,/home/ssparzival/Proyectos/GitHub/Automatic-Organization-of-Anime-Character-Images/anime_character_pipeline/organized_output/anime_organized_20260523_220036/_contact_sheets/cluster_00161_unknown.jpg
cluster_00007_unknown_review,2,2,True,/home/ssparzival/Proyectos/GitHub/Automatic-Organization-of-Anime-Character-Images/anime_character_pipeline/organized_output/anime_organized_20260523_220036/_contact_sheets/cluster_00007_unknown_review.jpg
cluster_00095_unknown_review,2,2,True,/home/ssparzival/Proyectos/GitHub/Automatic-Organization-of-Anime-Character-Images/anime_character_pipeline/organized_output/anime_organized_20260523_220036/_contact_sheets/cluster_00095_unknown_review.jpg
cluster_00000_unknown_review,2,2,True,/home/ssparzival/Proyectos/GitHub/Automatic-Organization-of-Anime-Character-Images/anime_character_pipeline/organized_output/anime_organized_20260523_220036/_contact_sheets/cluster_00000_unknown_review.jpg
cluster_00163_unknown,2,2,True,/home/ssparzival/Proyectos/GitHub/Automatic-Organization-of-Anime-Character-Images/anime_character_pipeline/organized_output/anime_organized_20260523_220036/_contact_sheets/cluster_00163_unknown.jpg
cluster_00090_unknown_review,2,2,True,/home/ssparzival/Proyectos/GitHub/Automatic-Organization-of-Anime-Character-Images/anime_character_pipeline/organized_output/anime_organized_20260523_220036/_contact_sheets/cluster_00090_unknown_review.jpg
cluster_00082_unknown_review,2,2,True,/home/ssparzival/Proyectos/GitHub/Automatic-Organization-of-Anime-Character-Images/anime_character_pipeline/organized_output/anime_organized_20260523_220036/_contact_sheets/cluster_00082_unknown_review.jpg
cluster_00093_unknown_review,2,2,True,/home/ssparzival/Proyectos/GitHub/Automatic-Organization-of-Anime-Character-Images/anime_character_pipeline/organized_output/anime_organized_20260523_220036/_contact_sheets/cluster_00093_unknown_review.jpg
cluster_00022_unknown,2,2,True,/home/ssparzival/Proyectos/GitHub/Automatic-Organization-of-Anime-Character-Images/anime_character_pipeline/organized_output/anime_organized_20260523_220036/_contact_sheets/cluster_00022_unknown.jpg
cluster_00132_unknown_review,2,2,True,/home/ssparzival/Proyectos/GitHub/Automatic-Organization-of-Anime-Character-Images/anime_character_pipeline/organized_output/anime_organized_20260523_220036/_contact_sheets/cluster_00132_unknown_review.jpg
cluster_00166_unknown_review,2,2,True,/home/ssparzival/Proyectos/GitHub/Automatic-Organization-of-Anime-Character-Images/anime_character_pipeline/organized_output/anime_organized_20260523_220036/_contact_sheets/cluster_00166_unknown_review.jpg
cluster_00040_unknown,2,2,True,/home/ssparzival/Proyectos/GitHub/Automatic-Organization-of-Anime-Character-Images/anime_character_pipeline/organized_output/anime_organized_20260523_220036/_contact_sheets/cluster_00040_unknown.jpg
