cluster_label,cluster_folder_stub,metadata_path
183,cluster_00183_unknown,/home/ssparzival/Proyectos/GitHub/Automatic-Organization-of-Anime-Character-Images/anime_character_pipeline/runs/04_hdbscan_clustering_20260523_214927/cluster_metadata/cluster_00183_unknown.json
169,cluster_00169_unknown,/home/ssparzival/Proyectos/GitHub/Automatic-Organization-of-Anime-Character-Images/anime_character_pipeline/runs/04_hdbscan_clustering_20260523_214927/cluster_metadata/cluster_00169_unknown.json
171,cluster_00171_unknown,/home/ssparzival/Proyectos/GitHub/Automatic-Organization-of-Anime-Character-Images/anime_character_pipeline/runs/04_hdbscan_clustering_20260523_214927/cluster_metadata/cluster_00171_unknown.json
172,cluster_00172_unknown,/home/ssparzival/Proyectos/GitHub/Automatic-Organization-of-Anime-Character-Images/anime_character_pipeline/runs/04_hdbscan_clustering_20260523_214927/cluster_metadata/cluster_00172_unknown.json
181,cluster_00181_unknown,/home/ssparzival/Proyectos/GitHub/Automatic-Organization-of-Anime-Character-Images/anime_character_pipeline/runs/04_hdbscan_clustering_20260523_214927/cluster_metadata/cluster_00181_unknown.json
110,cluster_00110_unknown,/home/ssparzival/Proyectos/GitHub/Automatic-Organization-of-Anime-Character-Images/anime_character_pipeline/runs/04_hdbscan_clustering_20260523_214927/cluster_metadata/cluster_00110_unknown.json
170,cluster_00170_unknown,/home/ssparzival/Proyectos/GitHub/Automatic-Organization-of-Anime-Character-Images/anime_character_pipeline/runs/04_hdbscan_clustering_20260523_214927/cluster_metadata/cluster_00170_unknown.json
139,cluster_00139_unknown,/home/ssparzival/Proyectos/GitHub/Automatic-Organization-of-Anime-Character-Images/anime_character_pipeline/runs/04_hdbscan_clustering_20260523_214927/cluster_metadata/cluster_00139_unknown.json
177,cluster_00177_unknown,/home/ssparzival/Proyectos/GitHub/Automatic-Organization-of-Anime-Character-Images/anime_character_pipeline/runs/04_hdbscan_clustering_20260523_214927/cluster_metadata/cluster_00177_unknown.json
148,cluster_00148_unknown,/home/ssparzival/Proyectos/GitHub/Automatic-Organization-of-Anime-Character-Images/anime_character_pipeline/runs/04_hdbscan_clustering_20260523_214927/cluster_metadata/cluster_00148_unknown.json
147,cluster_00147_unknown,/home/ssparzival/Proyectos/GitHub/Automatic-Organization-of-Anime-Character-Images/anime_character_pipeline/runs/04_hdbscan_clustering_20260523_214927/cluster_metadata/cluster_00147_unknown.json
142,cluster_00142_unknown,/home/ssparzival/Proyectos/GitHub/Automatic-Organization-of-Anime-Character-Images/anime_character_pipeline/runs/04_hdbscan_clustering_20260523_214927/cluster_metadata/cluster_00142_unknown.json
176,cluster_00176_unknown,/home/ssparzival/Proyectos/GitHub/Automatic-Organization-of-Anime-Character-Images/anime_character_pipeline/runs/04_hdbscan_clustering_20260523_214927/cluster_metadata/cluster_00176_unknown.json
179,cluster_00179_unknown,/home/ssparzival/Proyectos/GitHub/Automatic-Organization-of-Anime-Character-Images/anime_character_pipeline/runs/04_hdbscan_clustering_20260523_214927/cluster_metadata/cluster_00179_unknown.json
118,cluster_00118_unknown,/home/ssparzival/Proyectos/GitHub/Automatic-Organization-of-Anime-Character-Images/anime_character_pipeline/runs/04_hdbscan_clustering_20260523_214927/cluster_metadata/cluster_00118_unknown.json
153,cluster_00153_unknown,/home/ssparzival/Proyectos/GitHub/Automatic-Organization-of-Anime-Character-Images/anime_character_pipeline/runs/04_hdbscan_clustering_20260523_214927/cluster_metadata/cluster_00153_unknown.json
180,cluster_00180_unknown,/home/ssparzival/Proyectos/GitHub/Automatic-Organization-of-Anime-Character-Images/anime_character_pipeline/runs/04_hdbscan_clustering_20260523_214927/cluster_metadata/cluster_00180_unknown.json
160,cluster_00160_unknown,/home/ssparzival/Proyectos/GitHub/Automatic-Organization-of-Anime-Character-Images/anime_character_pipeline/runs/04_hdbscan_clustering_20260523_214927/cluster_metadata/cluster_00160_unknown.json
178,cluster_00178_unknown,/home/ssparzival/Proyectos/GitHub/Automatic-Organization-of-Anime-Character-Images/anime_character_pipeline/runs/04_hdbscan_clustering_20260523_214927/cluster_metadata/cluster_00178_unknown.json
107,cluster_00107_unknown,/home/ssparzival/Proyectos/GitHub/Automatic-Organization-of-Anime-Character-Images/anime_character_pipeline/runs/04_hdbscan_clustering_20260523_214927/cluster_metadata/cluster_00107_unknown.json
26,cluster_00026_unknown,/home/ssparzival/Proyectos/GitHub/Automatic-Organization-of-Anime-Character-Images/anime_character_pipeline/runs/04_hdbscan_clustering_20260523_214927/cluster_metadata/cluster_00026_unknown.json
122,cluster_00122_unknown,/home/ssparzival/Proyectos/GitHub/Automatic-Organization-of-Anime-Character-Images/anime_character_pipeline/runs/04_hdbscan_clustering_20260523_214927/cluster_metadata/cluster_00122_unknown.json
113,cluster_00113_unknown,/home/ssparzival/Proyectos/GitHub/Automatic-Organization-of-Anime-Character-Images/anime_character_pipeline/runs/04_hdbscan_clustering_20260523_214927/cluster_metadata/cluster_00113_unknown.json
174,cluster_00174_unknown,/home/ssparzival/Proyectos/GitHub/Automatic-Organization-of-Anime-Character-Images/anime_character_pipeline/runs/04_hdbscan_clustering_20260523_214927/cluster_metadata/cluster_00174_unknown.json
56,cluster_00056_unknown,/home/ssparzival/Proyectos/GitHub/Automatic-Organization-of-Anime-Character-Images/anime_character_pipeline/runs/04_hdbscan_clustering_20260523_214927/cluster_metadata/cluster_00056_unknown.json
134,cluster_00134_unknown,/home/ssparzival/Proyectos/GitHub/Automatic-Organization-of-Anime-Character-Images/anime_character_pipeline/runs/04_hdbscan_clustering_20260523_214927/cluster_metadata/cluster_00134_unknown.json
187,cluster_00187_unknown,/home/ssparzival/Proyectos/GitHub/Automatic-Organization-of-Anime-Character-Images/anime_character_pipeline/runs/04_hdbscan_clustering_20260523_214927/cluster_metadata/cluster_00187_unknown.json
137,cluster_00137_unknown,/home/ssparzival/Proyectos/GitHub/Automatic-Organization-of-Anime-Character-Images/anime_character_pipeline/runs/04_hdbscan_clustering_20260523_214927/cluster_metadata/cluster_00137_unknown.json
154,cluster_00154_unknown,/home/ssparzival/Proyectos/GitHub/Automatic-Organization-of-Anime-Character-Images/anime_character_pipeline/runs/04_hdbscan_clustering_20260523_214927/cluster_metadata/cluster_00154_unknown.json
155,cluster_00155_unknown,/home/ssparzival/Proyectos/GitHub/Automatic-Organization-of-Anime-Character-Images/anime_character_pipeline/runs/04_hdbscan_clustering_20260523_214927/cluster_metadata/cluster_00155_unknown.json
185,cluster_00185_unknown,/home/ssparzival/Proyectos/GitHub/Automatic-Organization-of-Anime-Character-Images/anime_character_pipeline/runs/04_hdbscan_clustering_20260523_214927/cluster_metadata/cluster_00185_unknown.json
17,cluster_00017_unknown,/home/ssparzival/Proyectos/GitHub/Automatic-Organization-of-Anime-Character-Images/anime_character_pipeline/runs/04_hdbscan_clustering_20260523_214927/cluster_metadata/cluster_00017_unknown.json
182,cluster_00182_unknown,/home/ssparzival/Proyectos/GitHub/Automatic-Organization-of-Anime-Character-Images/anime_character_pipeline/runs/04_hdbscan_clustering_20260523_214927/cluster_metadata/cluster_00182_unknown.json
99,cluster_00099_unknown,/home/ssparzival/Proyectos/GitHub/Automatic-Organization-of-Anime-Character-Images/anime_character_pipeline/runs/04_hdbscan_clustering_20260523_214927/cluster_metadata/cluster_00099_unknown.json
39,cluster_00039_unknown,/home/ssparzival/Proyectos/GitHub/Automatic-Organization-of-Anime-Character-Images/anime_character_pipeline/runs/04_hdbscan_clustering_20260523_214927/cluster_metadata/cluster_00039_unknown.json
94,cluster_00094_unknown,/home/ssparzival/Proyectos/GitHub/Automatic-Organization-of-Anime-Character-Images/anime_character_pipeline/runs/04_hdbscan_clustering_20260523_214927/cluster_metadata/cluster_00094_unknown.json
175,cluster_00175_unknown,/home/ssparzival/Proyectos/GitHub/Automatic-Organization-of-Anime-Character-Images/anime_character_pipeline/runs/04_hdbscan_clustering_20260523_214927/cluster_metadata/cluster_00175_unknown.json
144,cluster_00144_unknown,/home/ssparzival/Proyectos/GitHub/Automatic-Organization-of-Anime-Character-Images/anime_character_pipeline/runs/04_hdbscan_clustering_20260523_214927/cluster_metadata/cluster_00144_unknown.json
108,cluster_00108_unknown,/home/ssparzival/Proyectos/GitHub/Automatic-Organization-of-Anime-Character-Images/anime_character_pipeline/runs/04_hdbscan_clustering_20260523_214927/cluster_metadata/cluster_00108_unknown.json
120,cluster_00120_unknown,/home/ssparzival/Proyectos/GitHub/Automatic-Organization-of-Anime-Character-Images/anime_character_pipeline/runs/04_hdbscan_clustering_20260523_214927/cluster_metadata/cluster_00120_unknown.json
157,cluster_00157_unknown,/home/ssparzival/Proyectos/GitHub/Automatic-Organization-of-Anime-Character-Images/anime_character_pipeline/runs/04_hdbscan_clustering_20260523_214927/cluster_metadata/cluster_00157_unknown.json
165,cluster_00165_unknown,/home/ssparzival/Proyectos/GitHub/Automatic-Organization-of-Anime-Character-Images/anime_character_pipeline/runs/04_hdbscan_clustering_20260523_214927/cluster_metadata/cluster_00165_unknown.json
145,cluster_00145_unknown,/home/ssparzival/Proyectos/GitHub/Automatic-Organization-of-Anime-Character-Images/anime_character_pipeline/runs/04_hdbscan_clustering_20260523_214927/cluster_metadata/cluster_00145_unknown.json
136,cluster_00136_unknown,/home/ssparzival/Proyectos/GitHub/Automatic-Organization-of-Anime-Character-Images/anime_character_pipeline/runs/04_hdbscan_clustering_20260523_214927/cluster_metadata/cluster_00136_unknown.json
109,cluster_00109_unknown,/home/ssparzival/Proyectos/GitHub/Automatic-Organization-of-Anime-Character-Images/anime_character_pipeline/runs/04_hdbscan_clustering_20260523_214927/cluster_metadata/cluster_00109_unknown.json
33,cluster_00033_unknown,/home/ssparzival/Proyectos/GitHub/Automatic-Organization-of-Anime-Character-Images/anime_character_pipeline/runs/04_hdbscan_clustering_20260523_214927/cluster_metadata/cluster_00033_unknown.json
141,cluster_00141_unknown,/home/ssparzival/Proyectos/GitHub/Automatic-Organization-of-Anime-Character-Images/anime_character_pipeline/runs/04_hdbscan_clustering_20260523_214927/cluster_metadata/cluster_00141_unknown.json
115,cluster_00115_unknown,/home/ssparzival/Proyectos/GitHub/Automatic-Organization-of-Anime-Character-Images/anime_character_pipeline/runs/04_hdbscan_clustering_20260523_214927/cluster_metadata/cluster_00115_unknown.json
162,cluster_00162_unknown,/home/ssparzival/Proyectos/GitHub/Automatic-Organization-of-Anime-Character-Images/anime_character_pipeline/runs/04_hdbscan_clustering_20260523_214927/cluster_metadata/cluster_00162_unknown.json
15,cluster_00015_unknown,/home/ssparzival/Proyectos/GitHub/Automatic-Organization-of-Anime-Character-Images/anime_character_pipeline/runs/04_hdbscan_clustering_20260523_214927/cluster_metadata/cluster_00015_unknown.json
119,cluster_00119_unknown,/home/ssparzival/Proyectos/GitHub/Automatic-Organization-of-Anime-Character-Images/anime_character_pipeline/runs/04_hdbscan_clustering_20260523_214927/cluster_metadata/cluster_00119_unknown.json
167,cluster_00167_unknown,/home/ssparzival/Proyectos/GitHub/Automatic-Organization-of-Anime-Character-Images/anime_character_pipeline/runs/04_hdbscan_clustering_20260523_214927/cluster_metadata/cluster_00167_unknown.json
87,cluster_00087_unknown,/home/ssparzival/Proyectos/GitHub/Automatic-Organization-of-Anime-Character-Images/anime_character_pipeline/runs/04_hdbscan_clustering_20260523_214927/cluster_metadata/cluster_00087_unknown.json
96,cluster_00096_unknown,/home/ssparzival/Proyectos/GitHub/Automatic-Organization-of-Anime-Character-Images/anime_character_pipeline/runs/04_hdbscan_clustering_20260523_214927/cluster_metadata/cluster_00096_unknown.json
28,cluster_00028_unknown,/home/ssparzival/Proyectos/GitHub/Automatic-Organization-of-Anime-Character-Images/anime_character_pipeline/runs/04_hdbscan_clustering_20260523_214927/cluster_metadata/cluster_00028_unknown.json
50,cluster_00050_unknown,/home/ssparzival/Proyectos/GitHub/Automatic-Organization-of-Anime-Character-Images/anime_character_pipeline/runs/04_hdbscan_clustering_20260523_214927/cluster_metadata/cluster_00050_unknown.json
60,cluster_00060_unknown,/home/ssparzival/Proyectos/GitHub/Automatic-Organization-of-Anime-Character-Images/anime_character_pipeline/runs/04_hdbscan_clustering_20260523_214927/cluster_metadata/cluster_00060_unknown.json
140,cluster_00140_unknown,/home/ssparzival/Proyectos/GitHub/Automatic-Organization-of-Anime-Character-Images/anime_character_pipeline/runs/04_hdbscan_clustering_20260523_214927/cluster_metadata/cluster_00140_unknown.json
31,cluster_00031_unknown,/home/ssparzival/Proyectos/GitHub/Automatic-Organization-of-Anime-Character-Images/anime_character_pipeline/runs/04_hdbscan_clustering_20260523_214927/cluster_metadata/cluster_00031_unknown.json
57,cluster_00057_unknown,/home/ssparzival/Proyectos/GitHub/Automatic-Organization-of-Anime-Character-Images/anime_character_pipeline/runs/04_hdbscan_clustering_20260523_214927/cluster_metadata/cluster_00057_unknown.json
80,cluster_00080_unknown,/home/ssparzival/Proyectos/GitHub/Automatic-Organization-of-Anime-Character-Images/anime_character_pipeline/runs/04_hdbscan_clustering_20260523_214927/cluster_metadata/cluster_00080_unknown.json
14,cluster_00014_unknown,/home/ssparzival/Proyectos/GitHub/Automatic-Organization-of-Anime-Character-Images/anime_character_pipeline/runs/04_hdbscan_clustering_20260523_214927/cluster_metadata/cluster_00014_unknown.json
48,cluster_00048_unknown,/home/ssparzival/Proyectos/GitHub/Automatic-Organization-of-Anime-Character-Images/anime_character_pipeline/runs/04_hdbscan_clustering_20260523_214927/cluster_metadata/cluster_00048_unknown.json
131,cluster_00131_unknown,/home/ssparzival/Proyectos/GitHub/Automatic-Organization-of-Anime-Character-Images/anime_character_pipeline/runs/04_hdbscan_clustering_20260523_214927/cluster_metadata/cluster_00131_unknown.json
112,cluster_00112_unknown,/home/ssparzival/Proyectos/GitHub/Automatic-Organization-of-Anime-Character-Images/anime_character_pipeline/runs/04_hdbscan_clustering_20260523_214927/cluster_metadata/cluster_00112_unknown.json
83,cluster_00083_unknown,/home/ssparzival/Proyectos/GitHub/Automatic-Organization-of-Anime-Character-Images/anime_character_pipeline/runs/04_hdbscan_clustering_20260523_214927/cluster_metadata/cluster_00083_unknown.json
84,cluster_00084_unknown,/home/ssparzival/Proyectos/GitHub/Automatic-Organization-of-Anime-Character-Images/anime_character_pipeline/runs/04_hdbscan_clustering_20260523_214927/cluster_metadata/cluster_00084_unknown.json
184,cluster_00184_unknown,/home/ssparzival/Proyectos/GitHub/Automatic-Organization-of-Anime-Character-Images/anime_character_pipeline/runs/04_hdbscan_clustering_20260523_214927/cluster_metadata/cluster_00184_unknown.json
36,cluster_00036_unknown,/home/ssparzival/Proyectos/GitHub/Automatic-Organization-of-Anime-Character-Images/anime_character_pipeline/runs/04_hdbscan_clustering_20260523_214927/cluster_metadata/cluster_00036_unknown.json
46,cluster_00046_unknown,/home/ssparzival/Proyectos/GitHub/Automatic-Organization-of-Anime-Character-Images/anime_character_pipeline/runs/04_hdbscan_clustering_20260523_214927/cluster_metadata/cluster_00046_unknown.json
79,cluster_00079_unknown,/home/ssparzival/Proyectos/GitHub/Automatic-Organization-of-Anime-Character-Images/anime_character_pipeline/runs/04_hdbscan_clustering_20260523_214927/cluster_metadata/cluster_00079_unknown.json
151,cluster_00151_unknown,/home/ssparzival/Proyectos/GitHub/Automatic-Organization-of-Anime-Character-Images/anime_character_pipeline/runs/04_hdbscan_clustering_20260523_214927/cluster_metadata/cluster_00151_unknown.json
64,cluster_00064_unknown,/home/ssparzival/Proyectos/GitHub/Automatic-Organization-of-Anime-Character-Images/anime_character_pipeline/runs/04_hdbscan_clustering_20260523_214927/cluster_metadata/cluster_00064_unknown.json
114,cluster_00114_unknown,/home/ssparzival/Proyectos/GitHub/Automatic-Organization-of-Anime-Character-Images/anime_character_pipeline/runs/04_hdbscan_clustering_20260523_214927/cluster_metadata/cluster_00114_unknown.json
166,cluster_00166_unknown,/home/ssparzival/Proyectos/GitHub/Automatic-Organization-of-Anime-Character-Images/anime_character_pipeline/runs/04_hdbscan_clustering_20260523_214927/cluster_metadata/cluster_00166_unknown.json
7,cluster_00007_unknown,/home/ssparzival/Proyectos/GitHub/Automatic-Organization-of-Anime-Character-Images/anime_character_pipeline/runs/04_hdbscan_clustering_20260523_214927/cluster_metadata/cluster_00007_unknown.json
61,cluster_00061_unknown,/home/ssparzival/Proyectos/GitHub/Automatic-Organization-of-Anime-Character-Images/anime_character_pipeline/runs/04_hdbscan_clustering_20260523_214927/cluster_metadata/cluster_00061_unknown.json
69,cluster_00069_unknown,/home/ssparzival/Proyectos/GitHub/Automatic-Organization-of-Anime-Character-Images/anime_character_pipeline/runs/04_hdbscan_clustering_20260523_214927/cluster_metadata/cluster_00069_unknown.json
159,cluster_00159_unknown,/home/ssparzival/Proyectos/GitHub/Automatic-Organization-of-Anime-Character-Images/anime_character_pipeline/runs/04_hdbscan_clustering_20260523_214927/cluster_metadata/cluster_00159_unknown.json
105,cluster_00105_unknown,/home/ssparzival/Proyectos/GitHub/Automatic-Organization-of-Anime-Character-Images/anime_character_pipeline/runs/04_hdbscan_clustering_20260523_214927/cluster_metadata/cluster_00105_unknown.json
18,cluster_00018_unknown,/home/ssparzival/Proyectos/GitHub/Automatic-Organization-of-Anime-Character-Images/anime_character_pipeline/runs/04_hdbscan_clustering_20260523_214927/cluster_metadata/cluster_00018_unknown.json
34,cluster_00034_unknown,/home/ssparzival/Proyectos/GitHub/Automatic-Organization-of-Anime-Character-Images/anime_character_pipeline/runs/04_hdbscan_clustering_20260523_214927/cluster_metadata/cluster_00034_unknown.json
45,cluster_00045_unknown,/home/ssparzival/Proyectos/GitHub/Automatic-Organization-of-Anime-Character-Images/anime_character_pipeline/runs/04_hdbscan_clustering_20260523_214927/cluster_metadata/cluster_00045_unknown.json
156,cluster_00156_unknown,/home/ssparzival/Proyectos/GitHub/Automatic-Organization-of-Anime-Character-Images/anime_character_pipeline/runs/04_hdbscan_clustering_20260523_214927/cluster_metadata/cluster_00156_unknown.json
164,cluster_00164_unknown,/home/ssparzival/Proyectos/GitHub/Automatic-Organization-of-Anime-Character-Images/anime_character_pipeline/runs/04_hdbscan_clustering_20260523_214927/cluster_metadata/cluster_00164_unknown.json
4,cluster_00004_unknown,/home/ssparzival/Proyectos/GitHub/Automatic-Organization-of-Anime-Character-Images/anime_character_pipeline/runs/04_hdbscan_clustering_20260523_214927/cluster_metadata/cluster_00004_unknown.json
51,cluster_00051_unknown,/home/ssparzival/Proyectos/GitHub/Automatic-Organization-of-Anime-Character-Images/anime_character_pipeline/runs/04_hdbscan_clustering_20260523_214927/cluster_metadata/cluster_00051_unknown.json
98,cluster_00098_unknown,/home/ssparzival/Proyectos/GitHub/Automatic-Organization-of-Anime-Character-Images/anime_character_pipeline/runs/04_hdbscan_clustering_20260523_214927/cluster_metadata/cluster_00098_unknown.json
85,cluster_00085_unknown,/home/ssparzival/Proyectos/GitHub/Automatic-Organization-of-Anime-Character-Images/anime_character_pipeline/runs/04_hdbscan_clustering_20260523_214927/cluster_metadata/cluster_00085_unknown.json
143,cluster_00143_unknown,/home/ssparzival/Proyectos/GitHub/Automatic-Organization-of-Anime-Character-Images/anime_character_pipeline/runs/04_hdbscan_clustering_20260523_214927/cluster_metadata/cluster_00143_unknown.json
9,cluster_00009_unknown,/home/ssparzival/Proyectos/GitHub/Automatic-Organization-of-Anime-Character-Images/anime_character_pipeline/runs/04_hdbscan_clustering_20260523_214927/cluster_metadata/cluster_00009_unknown.json
58,cluster_00058_unknown,/home/ssparzival/Proyectos/GitHub/Automatic-Organization-of-Anime-Character-Images/anime_character_pipeline/runs/04_hdbscan_clustering_20260523_214927/cluster_metadata/cluster_00058_unknown.json
67,cluster_00067_unknown,/home/ssparzival/Proyectos/GitHub/Automatic-Organization-of-Anime-Character-Images/anime_character_pipeline/runs/04_hdbscan_clustering_20260523_214927/cluster_metadata/cluster_00067_unknown.json
91,cluster_00091_unknown,/home/ssparzival/Proyectos/GitHub/Automatic-Organization-of-Anime-Character-Images/anime_character_pipeline/runs/04_hdbscan_clustering_20260523_214927/cluster_metadata/cluster_00091_unknown.json
132,cluster_00132_unknown,/home/ssparzival/Proyectos/GitHub/Automatic-Organization-of-Anime-Character-Images/anime_character_pipeline/runs/04_hdbscan_clustering_20260523_214927/cluster_metadata/cluster_00132_unknown.json
168,cluster_00168_unknown,/home/ssparzival/Proyectos/GitHub/Automatic-Organization-of-Anime-Character-Images/anime_character_pipeline/runs/04_hdbscan_clustering_20260523_214927/cluster_metadata/cluster_00168_unknown.json
2,cluster_00002_unknown,/home/ssparzival/Proyectos/GitHub/Automatic-Organization-of-Anime-Character-Images/anime_character_pipeline/runs/04_hdbscan_clustering_20260523_214927/cluster_metadata/cluster_00002_unknown.json
24,cluster_00024_unknown,/home/ssparzival/Proyectos/GitHub/Automatic-Organization-of-Anime-Character-Images/anime_character_pipeline/runs/04_hdbscan_clustering_20260523_214927/cluster_metadata/cluster_00024_unknown.json
70,cluster_00070_unknown,/home/ssparzival/Proyectos/GitHub/Automatic-Organization-of-Anime-Character-Images/anime_character_pipeline/runs/04_hdbscan_clustering_20260523_214927/cluster_metadata/cluster_00070_unknown.json
86,cluster_00086_unknown,/home/ssparzival/Proyectos/GitHub/Automatic-Organization-of-Anime-Character-Images/anime_character_pipeline/runs/04_hdbscan_clustering_20260523_214927/cluster_metadata/cluster_00086_unknown.json
149,cluster_00149_unknown,/home/ssparzival/Proyectos/GitHub/Automatic-Organization-of-Anime-Character-Images/anime_character_pipeline/runs/04_hdbscan_clustering_20260523_214927/cluster_metadata/cluster_00149_unknown.json
186,cluster_00186_unknown,/home/ssparzival/Proyectos/GitHub/Automatic-Organization-of-Anime-Character-Images/anime_character_pipeline/runs/04_hdbscan_clustering_20260523_214927/cluster_metadata/cluster_00186_unknown.json
66,cluster_00066_unknown,/home/ssparzival/Proyectos/GitHub/Automatic-Organization-of-Anime-Character-Images/anime_character_pipeline/runs/04_hdbscan_clustering_20260523_214927/cluster_metadata/cluster_00066_unknown.json
71,cluster_00071_unknown,/home/ssparzival/Proyectos/GitHub/Automatic-Organization-of-Anime-Character-Images/anime_character_pipeline/runs/04_hdbscan_clustering_20260523_214927/cluster_metadata/cluster_00071_unknown.json
88,cluster_00088_unknown,/home/ssparzival/Proyectos/GitHub/Automatic-Organization-of-Anime-Character-Images/anime_character_pipeline/runs/04_hdbscan_clustering_20260523_214927/cluster_metadata/cluster_00088_unknown.json
97,cluster_00097_unknown,/home/ssparzival/Proyectos/GitHub/Automatic-Organization-of-Anime-Character-Images/anime_character_pipeline/runs/04_hdbscan_clustering_20260523_214927/cluster_metadata/cluster_00097_unknown.json
103,cluster_00103_unknown,/home/ssparzival/Proyectos/GitHub/Automatic-Organization-of-Anime-Character-Images/anime_character_pipeline/runs/04_hdbscan_clustering_20260523_214927/cluster_metadata/cluster_00103_unknown.json
106,cluster_00106_unknown,/home/ssparzival/Proyectos/GitHub/Automatic-Organization-of-Anime-Character-Images/anime_character_pipeline/runs/04_hdbscan_clustering_20260523_214927/cluster_metadata/cluster_00106_unknown.json
124,cluster_00124_unknown,/home/ssparzival/Proyectos/GitHub/Automatic-Organization-of-Anime-Character-Images/anime_character_pipeline/runs/04_hdbscan_clustering_20260523_214927/cluster_metadata/cluster_00124_unknown.json
129,cluster_00129_unknown,/home/ssparzival/Proyectos/GitHub/Automatic-Organization-of-Anime-Character-Images/anime_character_pipeline/runs/04_hdbscan_clustering_20260523_214927/cluster_metadata/cluster_00129_unknown.json
150,cluster_00150_unknown,/home/ssparzival/Proyectos/GitHub/Automatic-Organization-of-Anime-Character-Images/anime_character_pipeline/runs/04_hdbscan_clustering_20260523_214927/cluster_metadata/cluster_00150_unknown.json
23,cluster_00023_unknown,/home/ssparzival/Proyectos/GitHub/Automatic-Organization-of-Anime-Character-Images/anime_character_pipeline/runs/04_hdbscan_clustering_20260523_214927/cluster_metadata/cluster_00023_unknown.json
55,cluster_00055_unknown,/home/ssparzival/Proyectos/GitHub/Automatic-Organization-of-Anime-Character-Images/anime_character_pipeline/runs/04_hdbscan_clustering_20260523_214927/cluster_metadata/cluster_00055_unknown.json
63,cluster_00063_unknown,/home/ssparzival/Proyectos/GitHub/Automatic-Organization-of-Anime-Character-Images/anime_character_pipeline/runs/04_hdbscan_clustering_20260523_214927/cluster_metadata/cluster_00063_unknown.json
121,cluster_00121_unknown,/home/ssparzival/Proyectos/GitHub/Automatic-Organization-of-Anime-Character-Images/anime_character_pipeline/runs/04_hdbscan_clustering_20260523_214927/cluster_metadata/cluster_00121_unknown.json
127,cluster_00127_unknown,/home/ssparzival/Proyectos/GitHub/Automatic-Organization-of-Anime-Character-Images/anime_character_pipeline/runs/04_hdbscan_clustering_20260523_214927/cluster_metadata/cluster_00127_unknown.json
128,cluster_00128_unknown,/home/ssparzival/Proyectos/GitHub/Automatic-Organization-of-Anime-Character-Images/anime_character_pipeline/runs/04_hdbscan_clustering_20260523_214927/cluster_metadata/cluster_00128_unknown.json
8,cluster_00008_unknown,/home/ssparzival/Proyectos/GitHub/Automatic-Organization-of-Anime-Character-Images/anime_character_pipeline/runs/04_hdbscan_clustering_20260523_214927/cluster_metadata/cluster_00008_unknown.json
25,cluster_00025_unknown,/home/ssparzival/Proyectos/GitHub/Automatic-Organization-of-Anime-Character-Images/anime_character_pipeline/runs/04_hdbscan_clustering_20260523_214927/cluster_metadata/cluster_00025_unknown.json
29,cluster_00029_unknown,/home/ssparzival/Proyectos/GitHub/Automatic-Organization-of-Anime-Character-Images/anime_character_pipeline/runs/04_hdbscan_clustering_20260523_214927/cluster_metadata/cluster_00029_unknown.json
37,cluster_00037_unknown,/home/ssparzival/Proyectos/GitHub/Automatic-Organization-of-Anime-Character-Images/anime_character_pipeline/runs/04_hdbscan_clustering_20260523_214927/cluster_metadata/cluster_00037_unknown.json
68,cluster_00068_unknown,/home/ssparzival/Proyectos/GitHub/Automatic-Organization-of-Anime-Character-Images/anime_character_pipeline/runs/04_hdbscan_clustering_20260523_214927/cluster_metadata/cluster_00068_unknown.json
102,cluster_00102_unknown,/home/ssparzival/Proyectos/GitHub/Automatic-Organization-of-Anime-Character-Images/anime_character_pipeline/runs/04_hdbscan_clustering_20260523_214927/cluster_metadata/cluster_00102_unknown.json
116,cluster_00116_unknown,/home/ssparzival/Proyectos/GitHub/Automatic-Organization-of-Anime-Character-Images/anime_character_pipeline/runs/04_hdbscan_clustering_20260523_214927/cluster_metadata/cluster_00116_unknown.json
130,cluster_00130_unknown,/home/ssparzival/Proyectos/GitHub/Automatic-Organization-of-Anime-Character-Images/anime_character_pipeline/runs/04_hdbscan_clustering_20260523_214927/cluster_metadata/cluster_00130_unknown.json
138,cluster_00138_unknown,/home/ssparzival/Proyectos/GitHub/Automatic-Organization-of-Anime-Character-Images/anime_character_pipeline/runs/04_hdbscan_clustering_20260523_214927/cluster_metadata/cluster_00138_unknown.json
3,cluster_00003_unknown,/home/ssparzival/Proyectos/GitHub/Automatic-Organization-of-Anime-Character-Images/anime_character_pipeline/runs/04_hdbscan_clustering_20260523_214927/cluster_metadata/cluster_00003_unknown.json
30,cluster_00030_unknown,/home/ssparzival/Proyectos/GitHub/Automatic-Organization-of-Anime-Character-Images/anime_character_pipeline/runs/04_hdbscan_clustering_20260523_214927/cluster_metadata/cluster_00030_unknown.json
41,cluster_00041_unknown,/home/ssparzival/Proyectos/GitHub/Automatic-Organization-of-Anime-Character-Images/anime_character_pipeline/runs/04_hdbscan_clustering_20260523_214927/cluster_metadata/cluster_00041_unknown.json
62,cluster_00062_unknown,/home/ssparzival/Proyectos/GitHub/Automatic-Organization-of-Anime-Character-Images/anime_character_pipeline/runs/04_hdbscan_clustering_20260523_214927/cluster_metadata/cluster_00062_unknown.json
74,cluster_00074_unknown,/home/ssparzival/Proyectos/GitHub/Automatic-Organization-of-Anime-Character-Images/anime_character_pipeline/runs/04_hdbscan_clustering_20260523_214927/cluster_metadata/cluster_00074_unknown.json
76,cluster_00076_unknown,/home/ssparzival/Proyectos/GitHub/Automatic-Organization-of-Anime-Character-Images/anime_character_pipeline/runs/04_hdbscan_clustering_20260523_214927/cluster_metadata/cluster_00076_unknown.json
81,cluster_00081_unknown,/home/ssparzival/Proyectos/GitHub/Automatic-Organization-of-Anime-Character-Images/anime_character_pipeline/runs/04_hdbscan_clustering_20260523_214927/cluster_metadata/cluster_00081_unknown.json
95,cluster_00095_unknown,/home/ssparzival/Proyectos/GitHub/Automatic-Organization-of-Anime-Character-Images/anime_character_pipeline/runs/04_hdbscan_clustering_20260523_214927/cluster_metadata/cluster_00095_unknown.json
100,cluster_00100_unknown,/home/ssparzival/Proyectos/GitHub/Automatic-Organization-of-Anime-Character-Images/anime_character_pipeline/runs/04_hdbscan_clustering_20260523_214927/cluster_metadata/cluster_00100_unknown.json
117,cluster_00117_unknown,/home/ssparzival/Proyectos/GitHub/Automatic-Organization-of-Anime-Character-Images/anime_character_pipeline/runs/04_hdbscan_clustering_20260523_214927/cluster_metadata/cluster_00117_unknown.json
13,cluster_00013_unknown,/home/ssparzival/Proyectos/GitHub/Automatic-Organization-of-Anime-Character-Images/anime_character_pipeline/runs/04_hdbscan_clustering_20260523_214927/cluster_metadata/cluster_00013_unknown.json
20,cluster_00020_unknown,/home/ssparzival/Proyectos/GitHub/Automatic-Organization-of-Anime-Character-Images/anime_character_pipeline/runs/04_hdbscan_clustering_20260523_214927/cluster_metadata/cluster_00020_unknown.json
54,cluster_00054_unknown,/home/ssparzival/Proyectos/GitHub/Automatic-Organization-of-Anime-Character-Images/anime_character_pipeline/runs/04_hdbscan_clustering_20260523_214927/cluster_metadata/cluster_00054_unknown.json
75,cluster_00075_unknown,/home/ssparzival/Proyectos/GitHub/Automatic-Organization-of-Anime-Character-Images/anime_character_pipeline/runs/04_hdbscan_clustering_20260523_214927/cluster_metadata/cluster_00075_unknown.json
77,cluster_00077_unknown,/home/ssparzival/Proyectos/GitHub/Automatic-Organization-of-Anime-Character-Images/anime_character_pipeline/runs/04_hdbscan_clustering_20260523_214927/cluster_metadata/cluster_00077_unknown.json
89,cluster_00089_unknown,/home/ssparzival/Proyectos/GitHub/Automatic-Organization-of-Anime-Character-Images/anime_character_pipeline/runs/04_hdbscan_clustering_20260523_214927/cluster_metadata/cluster_00089_unknown.json
101,cluster_00101_unknown,/home/ssparzival/Proyectos/GitHub/Automatic-Organization-of-Anime-Character-Images/anime_character_pipeline/runs/04_hdbscan_clustering_20260523_214927/cluster_metadata/cluster_00101_unknown.json
6,cluster_00006_unknown,/home/ssparzival/Proyectos/GitHub/Automatic-Organization-of-Anime-Character-Images/anime_character_pipeline/runs/04_hdbscan_clustering_20260523_214927/cluster_metadata/cluster_00006_unknown.json
27,cluster_00027_unknown,/home/ssparzival/Proyectos/GitHub/Automatic-Organization-of-Anime-Character-Images/anime_character_pipeline/runs/04_hdbscan_clustering_20260523_214927/cluster_metadata/cluster_00027_unknown.json
65,cluster_00065_unknown,/home/ssparzival/Proyectos/GitHub/Automatic-Organization-of-Anime-Character-Images/anime_character_pipeline/runs/04_hdbscan_clustering_20260523_214927/cluster_metadata/cluster_00065_unknown.json
73,cluster_00073_unknown,/home/ssparzival/Proyectos/GitHub/Automatic-Organization-of-Anime-Character-Images/anime_character_pipeline/runs/04_hdbscan_clustering_20260523_214927/cluster_metadata/cluster_00073_unknown.json
78,cluster_00078_unknown,/home/ssparzival/Proyectos/GitHub/Automatic-Organization-of-Anime-Character-Images/anime_character_pipeline/runs/04_hdbscan_clustering_20260523_214927/cluster_metadata/cluster_00078_unknown.json
111,cluster_00111_unknown,/home/ssparzival/Proyectos/GitHub/Automatic-Organization-of-Anime-Character-Images/anime_character_pipeline/runs/04_hdbscan_clustering_20260523_214927/cluster_metadata/cluster_00111_unknown.json
135,cluster_00135_unknown,/home/ssparzival/Proyectos/GitHub/Automatic-Organization-of-Anime-Character-Images/anime_character_pipeline/runs/04_hdbscan_clustering_20260523_214927/cluster_metadata/cluster_00135_unknown.json
158,cluster_00158_unknown,/home/ssparzival/Proyectos/GitHub/Automatic-Organization-of-Anime-Character-Images/anime_character_pipeline/runs/04_hdbscan_clustering_20260523_214927/cluster_metadata/cluster_00158_unknown.json
173,cluster_00173_unknown,/home/ssparzival/Proyectos/GitHub/Automatic-Organization-of-Anime-Character-Images/anime_character_pipeline/runs/04_hdbscan_clustering_20260523_214927/cluster_metadata/cluster_00173_unknown.json
0,cluster_00000_unknown,/home/ssparzival/Proyectos/GitHub/Automatic-Organization-of-Anime-Character-Images/anime_character_pipeline/runs/04_hdbscan_clustering_20260523_214927/cluster_metadata/cluster_00000_unknown.json
5,cluster_00005_unknown,/home/ssparzival/Proyectos/GitHub/Automatic-Organization-of-Anime-Character-Images/anime_character_pipeline/runs/04_hdbscan_clustering_20260523_214927/cluster_metadata/cluster_00005_unknown.json
32,cluster_00032_unknown,/home/ssparzival/Proyectos/GitHub/Automatic-Organization-of-Anime-Character-Images/anime_character_pipeline/runs/04_hdbscan_clustering_20260523_214927/cluster_metadata/cluster_00032_unknown.json
35,cluster_00035_unknown,/home/ssparzival/Proyectos/GitHub/Automatic-Organization-of-Anime-Character-Images/anime_character_pipeline/runs/04_hdbscan_clustering_20260523_214927/cluster_metadata/cluster_00035_unknown.json
42,cluster_00042_unknown,/home/ssparzival/Proyectos/GitHub/Automatic-Organization-of-Anime-Character-Images/anime_character_pipeline/runs/04_hdbscan_clustering_20260523_214927/cluster_metadata/cluster_00042_unknown.json
43,cluster_00043_unknown,/home/ssparzival/Proyectos/GitHub/Automatic-Organization-of-Anime-Character-Images/anime_character_pipeline/runs/04_hdbscan_clustering_20260523_214927/cluster_metadata/cluster_00043_unknown.json
44,cluster_00044_unknown,/home/ssparzival/Proyectos/GitHub/Automatic-Organization-of-Anime-Character-Images/anime_character_pipeline/runs/04_hdbscan_clustering_20260523_214927/cluster_metadata/cluster_00044_unknown.json
47,cluster_00047_unknown,/home/ssparzival/Proyectos/GitHub/Automatic-Organization-of-Anime-Character-Images/anime_character_pipeline/runs/04_hdbscan_clustering_20260523_214927/cluster_metadata/cluster_00047_unknown.json
52,cluster_00052_unknown,/home/ssparzival/Proyectos/GitHub/Automatic-Organization-of-Anime-Character-Images/anime_character_pipeline/runs/04_hdbscan_clustering_20260523_214927/cluster_metadata/cluster_00052_unknown.json
59,cluster_00059_unknown,/home/ssparzival/Proyectos/GitHub/Automatic-Organization-of-Anime-Character-Images/anime_character_pipeline/runs/04_hdbscan_clustering_20260523_214927/cluster_metadata/cluster_00059_unknown.json
72,cluster_00072_unknown,/home/ssparzival/Proyectos/GitHub/Automatic-Organization-of-Anime-Character-Images/anime_character_pipeline/runs/04_hdbscan_clustering_20260523_214927/cluster_metadata/cluster_00072_unknown.json
90,cluster_00090_unknown,/home/ssparzival/Proyectos/GitHub/Automatic-Organization-of-Anime-Character-Images/anime_character_pipeline/runs/04_hdbscan_clustering_20260523_214927/cluster_metadata/cluster_00090_unknown.json
92,cluster_00092_unknown,/home/ssparzival/Proyectos/GitHub/Automatic-Organization-of-Anime-Character-Images/anime_character_pipeline/runs/04_hdbscan_clustering_20260523_214927/cluster_metadata/cluster_00092_unknown.json
104,cluster_00104_unknown,/home/ssparzival/Proyectos/GitHub/Automatic-Organization-of-Anime-Character-Images/anime_character_pipeline/runs/04_hdbscan_clustering_20260523_214927/cluster_metadata/cluster_00104_unknown.json
126,cluster_00126_unknown,/home/ssparzival/Proyectos/GitHub/Automatic-Organization-of-Anime-Character-Images/anime_character_pipeline/runs/04_hdbscan_clustering_20260523_214927/cluster_metadata/cluster_00126_unknown.json
161,cluster_00161_unknown,/home/ssparzival/Proyectos/GitHub/Automatic-Organization-of-Anime-Character-Images/anime_character_pipeline/runs/04_hdbscan_clustering_20260523_214927/cluster_metadata/cluster_00161_unknown.json
1,cluster_00001_unknown,/home/ssparzival/Proyectos/GitHub/Automatic-Organization-of-Anime-Character-Images/anime_character_pipeline/runs/04_hdbscan_clustering_20260523_214927/cluster_metadata/cluster_00001_unknown.json
10,cluster_00010_unknown,/home/ssparzival/Proyectos/GitHub/Automatic-Organization-of-Anime-Character-Images/anime_character_pipeline/runs/04_hdbscan_clustering_20260523_214927/cluster_metadata/cluster_00010_unknown.json
11,cluster_00011_unknown,/home/ssparzival/Proyectos/GitHub/Automatic-Organization-of-Anime-Character-Images/anime_character_pipeline/runs/04_hdbscan_clustering_20260523_214927/cluster_metadata/cluster_00011_unknown.json
12,cluster_00012_unknown,/home/ssparzival/Proyectos/GitHub/Automatic-Organization-of-Anime-Character-Images/anime_character_pipeline/runs/04_hdbscan_clustering_20260523_214927/cluster_metadata/cluster_00012_unknown.json
16,cluster_00016_unknown,/home/ssparzival/Proyectos/GitHub/Automatic-Organization-of-Anime-Character-Images/anime_character_pipeline/runs/04_hdbscan_clustering_20260523_214927/cluster_metadata/cluster_00016_unknown.json
19,cluster_00019_unknown,/home/ssparzival/Proyectos/GitHub/Automatic-Organization-of-Anime-Character-Images/anime_character_pipeline/runs/04_hdbscan_clustering_20260523_214927/cluster_metadata/cluster_00019_unknown.json
21,cluster_00021_unknown,/home/ssparzival/Proyectos/GitHub/Automatic-Organization-of-Anime-Character-Images/anime_character_pipeline/runs/04_hdbscan_clustering_20260523_214927/cluster_metadata/cluster_00021_unknown.json
22,cluster_00022_unknown,/home/ssparzival/Proyectos/GitHub/Automatic-Organization-of-Anime-Character-Images/anime_character_pipeline/runs/04_hdbscan_clustering_20260523_214927/cluster_metadata/cluster_00022_unknown.json
38,cluster_00038_unknown,/home/ssparzival/Proyectos/GitHub/Automatic-Organization-of-Anime-Character-Images/anime_character_pipeline/runs/04_hdbscan_clustering_20260523_214927/cluster_metadata/cluster_00038_unknown.json
40,cluster_00040_unknown,/home/ssparzival/Proyectos/GitHub/Automatic-Organization-of-Anime-Character-Images/anime_character_pipeline/runs/04_hdbscan_clustering_20260523_214927/cluster_metadata/cluster_00040_unknown.json
49,cluster_00049_unknown,/home/ssparzival/Proyectos/GitHub/Automatic-Organization-of-Anime-Character-Images/anime_character_pipeline/runs/04_hdbscan_clustering_20260523_214927/cluster_metadata/cluster_00049_unknown.json
53,cluster_00053_unknown,/home/ssparzival/Proyectos/GitHub/Automatic-Organization-of-Anime-Character-Images/anime_character_pipeline/runs/04_hdbscan_clustering_20260523_214927/cluster_metadata/cluster_00053_unknown.json
82,cluster_00082_unknown,/home/ssparzival/Proyectos/GitHub/Automatic-Organization-of-Anime-Character-Images/anime_character_pipeline/runs/04_hdbscan_clustering_20260523_214927/cluster_metadata/cluster_00082_unknown.json
93,cluster_00093_unknown,/home/ssparzival/Proyectos/GitHub/Automatic-Organization-of-Anime-Character-Images/anime_character_pipeline/runs/04_hdbscan_clustering_20260523_214927/cluster_metadata/cluster_00093_unknown.json
123,cluster_00123_unknown,/home/ssparzival/Proyectos/GitHub/Automatic-Organization-of-Anime-Character-Images/anime_character_pipeline/runs/04_hdbscan_clustering_20260523_214927/cluster_metadata/cluster_00123_unknown.json
125,cluster_00125_unknown,/home/ssparzival/Proyectos/GitHub/Automatic-Organization-of-Anime-Character-Images/anime_character_pipeline/runs/04_hdbscan_clustering_20260523_214927/cluster_metadata/cluster_00125_unknown.json
133,cluster_00133_unknown,/home/ssparzival/Proyectos/GitHub/Automatic-Organization-of-Anime-Character-Images/anime_character_pipeline/runs/04_hdbscan_clustering_20260523_214927/cluster_metadata/cluster_00133_unknown.json
146,cluster_00146_unknown,/home/ssparzival/Proyectos/GitHub/Automatic-Organization-of-Anime-Character-Images/anime_character_pipeline/runs/04_hdbscan_clustering_20260523_214927/cluster_metadata/cluster_00146_unknown.json
152,cluster_00152_unknown,/home/ssparzival/Proyectos/GitHub/Automatic-Organization-of-Anime-Character-Images/anime_character_pipeline/runs/04_hdbscan_clustering_20260523_214927/cluster_metadata/cluster_00152_unknown.json
163,cluster_00163_unknown,/home/ssparzival/Proyectos/GitHub/Automatic-Organization-of-Anime-Character-Images/anime_character_pipeline/runs/04_hdbscan_clustering_20260523_214927/cluster_metadata/cluster_00163_unknown.json
-1,_needs_review_noise,/home/ssparzival/Proyectos/GitHub/Automatic-Organization-of-Anime-Character-Images/anime_character_pipeline/runs/04_hdbscan_clustering_20260523_214927/cluster_metadata/_needs_review_noise.json
