cluster_label,cluster_folder_stub,image_count,sampled_image_count,created,contact_sheet_path
183,cluster_00183_unknown,505,24,True,/home/ssparzival/Proyectos/GitHub/Automatic-Organization-of-Anime-Character-Images/anime_character_pipeline/runs/04_hdbscan_clustering_20260523_214927/contact_sheets/cluster_00183_unknown.jpg
169,cluster_00169_unknown,352,24,True,/home/ssparzival/Proyectos/GitHub/Automatic-Organization-of-Anime-Character-Images/anime_character_pipeline/runs/04_hdbscan_clustering_20260523_214927/contact_sheets/cluster_00169_unknown.jpg
171,cluster_00171_unknown,344,24,True,/home/ssparzival/Proyectos/GitHub/Automatic-Organization-of-Anime-Character-Images/anime_character_pipeline/runs/04_hdbscan_clustering_20260523_214927/contact_sheets/cluster_00171_unknown.jpg
172,cluster_00172_unknown,240,24,True,/home/ssparzival/Proyectos/GitHub/Automatic-Organization-of-Anime-Character-Images/anime_character_pipeline/runs/04_hdbscan_clustering_20260523_214927/contact_sheets/cluster_00172_unknown.jpg
181,cluster_00181_unknown,233,24,True,/home/ssparzival/Proyectos/GitHub/Automatic-Organization-of-Anime-Character-Images/anime_character_pipeline/runs/04_hdbscan_clustering_20260523_214927/contact_sheets/cluster_00181_unknown.jpg
110,cluster_00110_unknown,217,24,True,/home/ssparzival/Proyectos/GitHub/Automatic-Organization-of-Anime-Character-Images/anime_character_pipeline/runs/04_hdbscan_clustering_20260523_214927/contact_sheets/cluster_00110_unknown.jpg
170,cluster_00170_unknown,160,24,True,/home/ssparzival/Proyectos/GitHub/Automatic-Organization-of-Anime-Character-Images/anime_character_pipeline/runs/04_hdbscan_clustering_20260523_214927/contact_sheets/cluster_00170_unknown.jpg
139,cluster_00139_unknown,141,24,True,/home/ssparzival/Proyectos/GitHub/Automatic-Organization-of-Anime-Character-Images/anime_character_pipeline/runs/04_hdbscan_clustering_20260523_214927/contact_sheets/cluster_00139_unknown.jpg
177,cluster_00177_unknown,138,24,True,/home/ssparzival/Proyectos/GitHub/Automatic-Organization-of-Anime-Character-Images/anime_character_pipeline/runs/04_hdbscan_clustering_20260523_214927/contact_sheets/cluster_00177_unknown.jpg
148,cluster_00148_unknown,129,24,True,/home/ssparzival/Proyectos/GitHub/Automatic-Organization-of-Anime-Character-Images/anime_character_pipeline/runs/04_hdbscan_clustering_20260523_214927/contact_sheets/cluster_00148_unknown.jpg
147,cluster_00147_unknown,128,24,True,/home/ssparzival/Proyectos/GitHub/Automatic-Organization-of-Anime-Character-Images/anime_character_pipeline/runs/04_hdbscan_clustering_20260523_214927/contact_sheets/cluster_00147_unknown.jpg
142,cluster_00142_unknown,126,24,True,/home/ssparzival/Proyectos/GitHub/Automatic-Organization-of-Anime-Character-Images/anime_character_pipeline/runs/04_hdbscan_clustering_20260523_214927/contact_sheets/cluster_00142_unknown.jpg
176,cluster_00176_unknown,116,24,True,/home/ssparzival/Proyectos/GitHub/Automatic-Organization-of-Anime-Character-Images/anime_character_pipeline/runs/04_hdbscan_clustering_20260523_214927/contact_sheets/cluster_00176_unknown.jpg
179,cluster_00179_unknown,112,24,True,/home/ssparzival/Proyectos/GitHub/Automatic-Organization-of-Anime-Character-Images/anime_character_pipeline/runs/04_hdbscan_clustering_20260523_214927/contact_sheets/cluster_00179_unknown.jpg
118,cluster_00118_unknown,103,24,True,/home/ssparzival/Proyectos/GitHub/Automatic-Organization-of-Anime-Character-Images/anime_character_pipeline/runs/04_hdbscan_clustering_20260523_214927/contact_sheets/cluster_00118_unknown.jpg
180,cluster_00180_unknown,79,24,True,/home/ssparzival/Proyectos/GitHub/Automatic-Organization-of-Anime-Character-Images/anime_character_pipeline/runs/04_hdbscan_clustering_20260523_214927/contact_sheets/cluster_00180_unknown.jpg
153,cluster_00153_unknown,79,24,True,/home/ssparzival/Proyectos/GitHub/Automatic-Organization-of-Anime-Character-Images/anime_character_pipeline/runs/04_hdbscan_clustering_20260523_214927/contact_sheets/cluster_00153_unknown.jpg
178,cluster_00178_unknown,74,24,True,/home/ssparzival/Proyectos/GitHub/Automatic-Organization-of-Anime-Character-Images/anime_character_pipeline/runs/04_hdbscan_clustering_20260523_214927/contact_sheets/cluster_00178_unknown.jpg
160,cluster_00160_unknown,74,24,True,/home/ssparzival/Proyectos/GitHub/Automatic-Organization-of-Anime-Character-Images/anime_character_pipeline/runs/04_hdbscan_clustering_20260523_214927/contact_sheets/cluster_00160_unknown.jpg
107,cluster_00107_unknown,66,24,True,/home/ssparzival/Proyectos/GitHub/Automatic-Organization-of-Anime-Character-Images/anime_character_pipeline/runs/04_hdbscan_clustering_20260523_214927/contact_sheets/cluster_00107_unknown.jpg
122,cluster_00122_unknown,64,24,True,/home/ssparzival/Proyectos/GitHub/Automatic-Organization-of-Anime-Character-Images/anime_character_pipeline/runs/04_hdbscan_clustering_20260523_214927/contact_sheets/cluster_00122_unknown.jpg
26,cluster_00026_unknown,64,24,True,/home/ssparzival/Proyectos/GitHub/Automatic-Organization-of-Anime-Character-Images/anime_character_pipeline/runs/04_hdbscan_clustering_20260523_214927/contact_sheets/cluster_00026_unknown.jpg
113,cluster_00113_unknown,60,24,True,/home/ssparzival/Proyectos/GitHub/Automatic-Organization-of-Anime-Character-Images/anime_character_pipeline/runs/04_hdbscan_clustering_20260523_214927/contact_sheets/cluster_00113_unknown.jpg
174,cluster_00174_unknown,59,24,True,/home/ssparzival/Proyectos/GitHub/Automatic-Organization-of-Anime-Character-Images/anime_character_pipeline/runs/04_hdbscan_clustering_20260523_214927/contact_sheets/cluster_00174_unknown.jpg
56,cluster_00056_unknown,57,24,True,/home/ssparzival/Proyectos/GitHub/Automatic-Organization-of-Anime-Character-Images/anime_character_pipeline/runs/04_hdbscan_clustering_20260523_214927/contact_sheets/cluster_00056_unknown.jpg
134,cluster_00134_unknown,52,24,True,/home/ssparzival/Proyectos/GitHub/Automatic-Organization-of-Anime-Character-Images/anime_character_pipeline/runs/04_hdbscan_clustering_20260523_214927/contact_sheets/cluster_00134_unknown.jpg
187,cluster_00187_unknown,51,24,True,/home/ssparzival/Proyectos/GitHub/Automatic-Organization-of-Anime-Character-Images/anime_character_pipeline/runs/04_hdbscan_clustering_20260523_214927/contact_sheets/cluster_00187_unknown.jpg
185,cluster_00185_unknown,50,24,True,/home/ssparzival/Proyectos/GitHub/Automatic-Organization-of-Anime-Character-Images/anime_character_pipeline/runs/04_hdbscan_clustering_20260523_214927/contact_sheets/cluster_00185_unknown.jpg
154,cluster_00154_unknown,50,24,True,/home/ssparzival/Proyectos/GitHub/Automatic-Organization-of-Anime-Character-Images/anime_character_pipeline/runs/04_hdbscan_clustering_20260523_214927/contact_sheets/cluster_00154_unknown.jpg
137,cluster_00137_unknown,50,24,True,/home/ssparzival/Proyectos/GitHub/Automatic-Organization-of-Anime-Character-Images/anime_character_pipeline/runs/04_hdbscan_clustering_20260523_214927/contact_sheets/cluster_00137_unknown.jpg
155,cluster_00155_unknown,50,24,True,/home/ssparzival/Proyectos/GitHub/Automatic-Organization-of-Anime-Character-Images/anime_character_pipeline/runs/04_hdbscan_clustering_20260523_214927/contact_sheets/cluster_00155_unknown.jpg
182,cluster_00182_unknown,49,24,True,/home/ssparzival/Proyectos/GitHub/Automatic-Organization-of-Anime-Character-Images/anime_character_pipeline/runs/04_hdbscan_clustering_20260523_214927/contact_sheets/cluster_00182_unknown.jpg
17,cluster_00017_unknown,49,24,True,/home/ssparzival/Proyectos/GitHub/Automatic-Organization-of-Anime-Character-Images/anime_character_pipeline/runs/04_hdbscan_clustering_20260523_214927/contact_sheets/cluster_00017_unknown.jpg
99,cluster_00099_unknown,48,24,True,/home/ssparzival/Proyectos/GitHub/Automatic-Organization-of-Anime-Character-Images/anime_character_pipeline/runs/04_hdbscan_clustering_20260523_214927/contact_sheets/cluster_00099_unknown.jpg
94,cluster_00094_unknown,46,24,True,/home/ssparzival/Proyectos/GitHub/Automatic-Organization-of-Anime-Character-Images/anime_character_pipeline/runs/04_hdbscan_clustering_20260523_214927/contact_sheets/cluster_00094_unknown.jpg
175,cluster_00175_unknown,46,24,True,/home/ssparzival/Proyectos/GitHub/Automatic-Organization-of-Anime-Character-Images/anime_character_pipeline/runs/04_hdbscan_clustering_20260523_214927/contact_sheets/cluster_00175_unknown.jpg
39,cluster_00039_unknown,46,24,True,/home/ssparzival/Proyectos/GitHub/Automatic-Organization-of-Anime-Character-Images/anime_character_pipeline/runs/04_hdbscan_clustering_20260523_214927/contact_sheets/cluster_00039_unknown.jpg
144,cluster_00144_unknown,45,24,True,/home/ssparzival/Proyectos/GitHub/Automatic-Organization-of-Anime-Character-Images/anime_character_pipeline/runs/04_hdbscan_clustering_20260523_214927/contact_sheets/cluster_00144_unknown.jpg
108,cluster_00108_unknown,44,24,True,/home/ssparzival/Proyectos/GitHub/Automatic-Organization-of-Anime-Character-Images/anime_character_pipeline/runs/04_hdbscan_clustering_20260523_214927/contact_sheets/cluster_00108_unknown.jpg
157,cluster_00157_unknown,42,24,True,/home/ssparzival/Proyectos/GitHub/Automatic-Organization-of-Anime-Character-Images/anime_character_pipeline/runs/04_hdbscan_clustering_20260523_214927/contact_sheets/cluster_00157_unknown.jpg
165,cluster_00165_unknown,42,24,True,/home/ssparzival/Proyectos/GitHub/Automatic-Organization-of-Anime-Character-Images/anime_character_pipeline/runs/04_hdbscan_clustering_20260523_214927/contact_sheets/cluster_00165_unknown.jpg
120,cluster_00120_unknown,42,24,True,/home/ssparzival/Proyectos/GitHub/Automatic-Organization-of-Anime-Character-Images/anime_character_pipeline/runs/04_hdbscan_clustering_20260523_214927/contact_sheets/cluster_00120_unknown.jpg
145,cluster_00145_unknown,41,24,True,/home/ssparzival/Proyectos/GitHub/Automatic-Organization-of-Anime-Character-Images/anime_character_pipeline/runs/04_hdbscan_clustering_20260523_214927/contact_sheets/cluster_00145_unknown.jpg
136,cluster_00136_unknown,39,24,True,/home/ssparzival/Proyectos/GitHub/Automatic-Organization-of-Anime-Character-Images/anime_character_pipeline/runs/04_hdbscan_clustering_20260523_214927/contact_sheets/cluster_00136_unknown.jpg
109,cluster_00109_unknown,38,24,True,/home/ssparzival/Proyectos/GitHub/Automatic-Organization-of-Anime-Character-Images/anime_character_pipeline/runs/04_hdbscan_clustering_20260523_214927/contact_sheets/cluster_00109_unknown.jpg
33,cluster_00033_unknown,35,24,True,/home/ssparzival/Proyectos/GitHub/Automatic-Organization-of-Anime-Character-Images/anime_character_pipeline/runs/04_hdbscan_clustering_20260523_214927/contact_sheets/cluster_00033_unknown.jpg
141,cluster_00141_unknown,34,24,True,/home/ssparzival/Proyectos/GitHub/Automatic-Organization-of-Anime-Character-Images/anime_character_pipeline/runs/04_hdbscan_clustering_20260523_214927/contact_sheets/cluster_00141_unknown.jpg
115,cluster_00115_unknown,33,24,True,/home/ssparzival/Proyectos/GitHub/Automatic-Organization-of-Anime-Character-Images/anime_character_pipeline/runs/04_hdbscan_clustering_20260523_214927/contact_sheets/cluster_00115_unknown.jpg
162,cluster_00162_unknown,31,24,True,/home/ssparzival/Proyectos/GitHub/Automatic-Organization-of-Anime-Character-Images/anime_character_pipeline/runs/04_hdbscan_clustering_20260523_214927/contact_sheets/cluster_00162_unknown.jpg
167,cluster_00167_unknown,30,24,True,/home/ssparzival/Proyectos/GitHub/Automatic-Organization-of-Anime-Character-Images/anime_character_pipeline/runs/04_hdbscan_clustering_20260523_214927/contact_sheets/cluster_00167_unknown.jpg
119,cluster_00119_unknown,30,24,True,/home/ssparzival/Proyectos/GitHub/Automatic-Organization-of-Anime-Character-Images/anime_character_pipeline/runs/04_hdbscan_clustering_20260523_214927/contact_sheets/cluster_00119_unknown.jpg
15,cluster_00015_unknown,30,24,True,/home/ssparzival/Proyectos/GitHub/Automatic-Organization-of-Anime-Character-Images/anime_character_pipeline/runs/04_hdbscan_clustering_20260523_214927/contact_sheets/cluster_00015_unknown.jpg
96,cluster_00096_unknown,29,24,True,/home/ssparzival/Proyectos/GitHub/Automatic-Organization-of-Anime-Character-Images/anime_character_pipeline/runs/04_hdbscan_clustering_20260523_214927/contact_sheets/cluster_00096_unknown.jpg
87,cluster_00087_unknown,29,24,True,/home/ssparzival/Proyectos/GitHub/Automatic-Organization-of-Anime-Character-Images/anime_character_pipeline/runs/04_hdbscan_clustering_20260523_214927/contact_sheets/cluster_00087_unknown.jpg
60,cluster_00060_unknown,28,24,True,/home/ssparzival/Proyectos/GitHub/Automatic-Organization-of-Anime-Character-Images/anime_character_pipeline/runs/04_hdbscan_clustering_20260523_214927/contact_sheets/cluster_00060_unknown.jpg
50,cluster_00050_unknown,28,24,True,/home/ssparzival/Proyectos/GitHub/Automatic-Organization-of-Anime-Character-Images/anime_character_pipeline/runs/04_hdbscan_clustering_20260523_214927/contact_sheets/cluster_00050_unknown.jpg
140,cluster_00140_unknown,28,24,True,/home/ssparzival/Proyectos/GitHub/Automatic-Organization-of-Anime-Character-Images/anime_character_pipeline/runs/04_hdbscan_clustering_20260523_214927/contact_sheets/cluster_00140_unknown.jpg
28,cluster_00028_unknown,28,24,True,/home/ssparzival/Proyectos/GitHub/Automatic-Organization-of-Anime-Character-Images/anime_character_pipeline/runs/04_hdbscan_clustering_20260523_214927/contact_sheets/cluster_00028_unknown.jpg
57,cluster_00057_unknown,27,24,True,/home/ssparzival/Proyectos/GitHub/Automatic-Organization-of-Anime-Character-Images/anime_character_pipeline/runs/04_hdbscan_clustering_20260523_214927/contact_sheets/cluster_00057_unknown.jpg
80,cluster_00080_unknown,27,24,True,/home/ssparzival/Proyectos/GitHub/Automatic-Organization-of-Anime-Character-Images/anime_character_pipeline/runs/04_hdbscan_clustering_20260523_214927/contact_sheets/cluster_00080_unknown.jpg
31,cluster_00031_unknown,27,24,True,/home/ssparzival/Proyectos/GitHub/Automatic-Organization-of-Anime-Character-Images/anime_character_pipeline/runs/04_hdbscan_clustering_20260523_214927/contact_sheets/cluster_00031_unknown.jpg
48,cluster_00048_unknown,26,24,True,/home/ssparzival/Proyectos/GitHub/Automatic-Organization-of-Anime-Character-Images/anime_character_pipeline/runs/04_hdbscan_clustering_20260523_214927/contact_sheets/cluster_00048_unknown.jpg
131,cluster_00131_unknown,26,24,True,/home/ssparzival/Proyectos/GitHub/Automatic-Organization-of-Anime-Character-Images/anime_character_pipeline/runs/04_hdbscan_clustering_20260523_214927/contact_sheets/cluster_00131_unknown.jpg
14,cluster_00014_unknown,26,24,True,/home/ssparzival/Proyectos/GitHub/Automatic-Organization-of-Anime-Character-Images/anime_character_pipeline/runs/04_hdbscan_clustering_20260523_214927/contact_sheets/cluster_00014_unknown.jpg
112,cluster_00112_unknown,25,24,True,/home/ssparzival/Proyectos/GitHub/Automatic-Organization-of-Anime-Character-Images/anime_character_pipeline/runs/04_hdbscan_clustering_20260523_214927/contact_sheets/cluster_00112_unknown.jpg
184,cluster_00184_unknown,24,24,True,/home/ssparzival/Proyectos/GitHub/Automatic-Organization-of-Anime-Character-Images/anime_character_pipeline/runs/04_hdbscan_clustering_20260523_214927/contact_sheets/cluster_00184_unknown.jpg
83,cluster_00083_unknown,24,24,True,/home/ssparzival/Proyectos/GitHub/Automatic-Organization-of-Anime-Character-Images/anime_character_pipeline/runs/04_hdbscan_clustering_20260523_214927/contact_sheets/cluster_00083_unknown.jpg
84,cluster_00084_unknown,24,24,True,/home/ssparzival/Proyectos/GitHub/Automatic-Organization-of-Anime-Character-Images/anime_character_pipeline/runs/04_hdbscan_clustering_20260523_214927/contact_sheets/cluster_00084_unknown.jpg
46,cluster_00046_unknown,23,23,True,/home/ssparzival/Proyectos/GitHub/Automatic-Organization-of-Anime-Character-Images/anime_character_pipeline/runs/04_hdbscan_clustering_20260523_214927/contact_sheets/cluster_00046_unknown.jpg
151,cluster_00151_unknown,23,23,True,/home/ssparzival/Proyectos/GitHub/Automatic-Organization-of-Anime-Character-Images/anime_character_pipeline/runs/04_hdbscan_clustering_20260523_214927/contact_sheets/cluster_00151_unknown.jpg
79,cluster_00079_unknown,23,23,True,/home/ssparzival/Proyectos/GitHub/Automatic-Organization-of-Anime-Character-Images/anime_character_pipeline/runs/04_hdbscan_clustering_20260523_214927/contact_sheets/cluster_00079_unknown.jpg
36,cluster_00036_unknown,23,23,True,/home/ssparzival/Proyectos/GitHub/Automatic-Organization-of-Anime-Character-Images/anime_character_pipeline/runs/04_hdbscan_clustering_20260523_214927/contact_sheets/cluster_00036_unknown.jpg
114,cluster_00114_unknown,22,22,True,/home/ssparzival/Proyectos/GitHub/Automatic-Organization-of-Anime-Character-Images/anime_character_pipeline/runs/04_hdbscan_clustering_20260523_214927/contact_sheets/cluster_00114_unknown.jpg
64,cluster_00064_unknown,22,22,True,/home/ssparzival/Proyectos/GitHub/Automatic-Organization-of-Anime-Character-Images/anime_character_pipeline/runs/04_hdbscan_clustering_20260523_214927/contact_sheets/cluster_00064_unknown.jpg
166,cluster_00166_unknown,22,22,True,/home/ssparzival/Proyectos/GitHub/Automatic-Organization-of-Anime-Character-Images/anime_character_pipeline/runs/04_hdbscan_clustering_20260523_214927/contact_sheets/cluster_00166_unknown.jpg
69,cluster_00069_unknown,21,21,True,/home/ssparzival/Proyectos/GitHub/Automatic-Organization-of-Anime-Character-Images/anime_character_pipeline/runs/04_hdbscan_clustering_20260523_214927/contact_sheets/cluster_00069_unknown.jpg
61,cluster_00061_unknown,21,21,True,/home/ssparzival/Proyectos/GitHub/Automatic-Organization-of-Anime-Character-Images/anime_character_pipeline/runs/04_hdbscan_clustering_20260523_214927/contact_sheets/cluster_00061_unknown.jpg
7,cluster_00007_unknown,21,21,True,/home/ssparzival/Proyectos/GitHub/Automatic-Organization-of-Anime-Character-Images/anime_character_pipeline/runs/04_hdbscan_clustering_20260523_214927/contact_sheets/cluster_00007_unknown.jpg
159,cluster_00159_unknown,20,20,True,/home/ssparzival/Proyectos/GitHub/Automatic-Organization-of-Anime-Character-Images/anime_character_pipeline/runs/04_hdbscan_clustering_20260523_214927/contact_sheets/cluster_00159_unknown.jpg
105,cluster_00105_unknown,19,19,True,/home/ssparzival/Proyectos/GitHub/Automatic-Organization-of-Anime-Character-Images/anime_character_pipeline/runs/04_hdbscan_clustering_20260523_214927/contact_sheets/cluster_00105_unknown.jpg
45,cluster_00045_unknown,18,18,True,/home/ssparzival/Proyectos/GitHub/Automatic-Organization-of-Anime-Character-Images/anime_character_pipeline/runs/04_hdbscan_clustering_20260523_214927/contact_sheets/cluster_00045_unknown.jpg
34,cluster_00034_unknown,18,18,True,/home/ssparzival/Proyectos/GitHub/Automatic-Organization-of-Anime-Character-Images/anime_character_pipeline/runs/04_hdbscan_clustering_20260523_214927/contact_sheets/cluster_00034_unknown.jpg
164,cluster_00164_unknown,18,18,True,/home/ssparzival/Proyectos/GitHub/Automatic-Organization-of-Anime-Character-Images/anime_character_pipeline/runs/04_hdbscan_clustering_20260523_214927/contact_sheets/cluster_00164_unknown.jpg
156,cluster_00156_unknown,18,18,True,/home/ssparzival/Proyectos/GitHub/Automatic-Organization-of-Anime-Character-Images/anime_character_pipeline/runs/04_hdbscan_clustering_20260523_214927/contact_sheets/cluster_00156_unknown.jpg
18,cluster_00018_unknown,18,18,True,/home/ssparzival/Proyectos/GitHub/Automatic-Organization-of-Anime-Character-Images/anime_character_pipeline/runs/04_hdbscan_clustering_20260523_214927/contact_sheets/cluster_00018_unknown.jpg
98,cluster_00098_unknown,17,17,True,/home/ssparzival/Proyectos/GitHub/Automatic-Organization-of-Anime-Character-Images/anime_character_pipeline/runs/04_hdbscan_clustering_20260523_214927/contact_sheets/cluster_00098_unknown.jpg
51,cluster_00051_unknown,17,17,True,/home/ssparzival/Proyectos/GitHub/Automatic-Organization-of-Anime-Character-Images/anime_character_pipeline/runs/04_hdbscan_clustering_20260523_214927/contact_sheets/cluster_00051_unknown.jpg
4,cluster_00004_unknown,17,17,True,/home/ssparzival/Proyectos/GitHub/Automatic-Organization-of-Anime-Character-Images/anime_character_pipeline/runs/04_hdbscan_clustering_20260523_214927/contact_sheets/cluster_00004_unknown.jpg
85,cluster_00085_unknown,16,16,True,/home/ssparzival/Proyectos/GitHub/Automatic-Organization-of-Anime-Character-Images/anime_character_pipeline/runs/04_hdbscan_clustering_20260523_214927/contact_sheets/cluster_00085_unknown.jpg
143,cluster_00143_unknown,16,16,True,/home/ssparzival/Proyectos/GitHub/Automatic-Organization-of-Anime-Character-Images/anime_character_pipeline/runs/04_hdbscan_clustering_20260523_214927/contact_sheets/cluster_00143_unknown.jpg
132,cluster_00132_unknown,15,15,True,/home/ssparzival/Proyectos/GitHub/Automatic-Organization-of-Anime-Character-Images/anime_character_pipeline/runs/04_hdbscan_clustering_20260523_214927/contact_sheets/cluster_00132_unknown.jpg
168,cluster_00168_unknown,15,15,True,/home/ssparzival/Proyectos/GitHub/Automatic-Organization-of-Anime-Character-Images/anime_character_pipeline/runs/04_hdbscan_clustering_20260523_214927/contact_sheets/cluster_00168_unknown.jpg
91,cluster_00091_unknown,15,15,True,/home/ssparzival/Proyectos/GitHub/Automatic-Organization-of-Anime-Character-Images/anime_character_pipeline/runs/04_hdbscan_clustering_20260523_214927/contact_sheets/cluster_00091_unknown.jpg
67,cluster_00067_unknown,15,15,True,/home/ssparzival/Proyectos/GitHub/Automatic-Organization-of-Anime-Character-Images/anime_character_pipeline/runs/04_hdbscan_clustering_20260523_214927/contact_sheets/cluster_00067_unknown.jpg
58,cluster_00058_unknown,15,15,True,/home/ssparzival/Proyectos/GitHub/Automatic-Organization-of-Anime-Character-Images/anime_character_pipeline/runs/04_hdbscan_clustering_20260523_214927/contact_sheets/cluster_00058_unknown.jpg
9,cluster_00009_unknown,15,15,True,/home/ssparzival/Proyectos/GitHub/Automatic-Organization-of-Anime-Character-Images/anime_character_pipeline/runs/04_hdbscan_clustering_20260523_214927/contact_sheets/cluster_00009_unknown.jpg
149,cluster_00149_unknown,14,14,True,/home/ssparzival/Proyectos/GitHub/Automatic-Organization-of-Anime-Character-Images/anime_character_pipeline/runs/04_hdbscan_clustering_20260523_214927/contact_sheets/cluster_00149_unknown.jpg
2,cluster_00002_unknown,14,14,True,/home/ssparzival/Proyectos/GitHub/Automatic-Organization-of-Anime-Character-Images/anime_character_pipeline/runs/04_hdbscan_clustering_20260523_214927/contact_sheets/cluster_00002_unknown.jpg
86,cluster_00086_unknown,14,14,True,/home/ssparzival/Proyectos/GitHub/Automatic-Organization-of-Anime-Character-Images/anime_character_pipeline/runs/04_hdbscan_clustering_20260523_214927/contact_sheets/cluster_00086_unknown.jpg
24,cluster_00024_unknown,14,14,True,/home/ssparzival/Proyectos/GitHub/Automatic-Organization-of-Anime-Character-Images/anime_character_pipeline/runs/04_hdbscan_clustering_20260523_214927/contact_sheets/cluster_00024_unknown.jpg
70,cluster_00070_unknown,14,14,True,/home/ssparzival/Proyectos/GitHub/Automatic-Organization-of-Anime-Character-Images/anime_character_pipeline/runs/04_hdbscan_clustering_20260523_214927/contact_sheets/cluster_00070_unknown.jpg
186,cluster_00186_unknown,14,14,True,/home/ssparzival/Proyectos/GitHub/Automatic-Organization-of-Anime-Character-Images/anime_character_pipeline/runs/04_hdbscan_clustering_20260523_214927/contact_sheets/cluster_00186_unknown.jpg
71,cluster_00071_unknown,13,13,True,/home/ssparzival/Proyectos/GitHub/Automatic-Organization-of-Anime-Character-Images/anime_character_pipeline/runs/04_hdbscan_clustering_20260523_214927/contact_sheets/cluster_00071_unknown.jpg
66,cluster_00066_unknown,13,13,True,/home/ssparzival/Proyectos/GitHub/Automatic-Organization-of-Anime-Character-Images/anime_character_pipeline/runs/04_hdbscan_clustering_20260523_214927/contact_sheets/cluster_00066_unknown.jpg
103,cluster_00103_unknown,12,12,True,/home/ssparzival/Proyectos/GitHub/Automatic-Organization-of-Anime-Character-Images/anime_character_pipeline/runs/04_hdbscan_clustering_20260523_214927/contact_sheets/cluster_00103_unknown.jpg
88,cluster_00088_unknown,12,12,True,/home/ssparzival/Proyectos/GitHub/Automatic-Organization-of-Anime-Character-Images/anime_character_pipeline/runs/04_hdbscan_clustering_20260523_214927/contact_sheets/cluster_00088_unknown.jpg
106,cluster_00106_unknown,12,12,True,/home/ssparzival/Proyectos/GitHub/Automatic-Organization-of-Anime-Character-Images/anime_character_pipeline/runs/04_hdbscan_clustering_20260523_214927/contact_sheets/cluster_00106_unknown.jpg
150,cluster_00150_unknown,12,12,True,/home/ssparzival/Proyectos/GitHub/Automatic-Organization-of-Anime-Character-Images/anime_character_pipeline/runs/04_hdbscan_clustering_20260523_214927/contact_sheets/cluster_00150_unknown.jpg
129,cluster_00129_unknown,12,12,True,/home/ssparzival/Proyectos/GitHub/Automatic-Organization-of-Anime-Character-Images/anime_character_pipeline/runs/04_hdbscan_clustering_20260523_214927/contact_sheets/cluster_00129_unknown.jpg
97,cluster_00097_unknown,12,12,True,/home/ssparzival/Proyectos/GitHub/Automatic-Organization-of-Anime-Character-Images/anime_character_pipeline/runs/04_hdbscan_clustering_20260523_214927/contact_sheets/cluster_00097_unknown.jpg
124,cluster_00124_unknown,12,12,True,/home/ssparzival/Proyectos/GitHub/Automatic-Organization-of-Anime-Character-Images/anime_character_pipeline/runs/04_hdbscan_clustering_20260523_214927/contact_sheets/cluster_00124_unknown.jpg
127,cluster_00127_unknown,11,11,True,/home/ssparzival/Proyectos/GitHub/Automatic-Organization-of-Anime-Character-Images/anime_character_pipeline/runs/04_hdbscan_clustering_20260523_214927/contact_sheets/cluster_00127_unknown.jpg
63,cluster_00063_unknown,11,11,True,/home/ssparzival/Proyectos/GitHub/Automatic-Organization-of-Anime-Character-Images/anime_character_pipeline/runs/04_hdbscan_clustering_20260523_214927/contact_sheets/cluster_00063_unknown.jpg
128,cluster_00128_unknown,11,11,True,/home/ssparzival/Proyectos/GitHub/Automatic-Organization-of-Anime-Character-Images/anime_character_pipeline/runs/04_hdbscan_clustering_20260523_214927/contact_sheets/cluster_00128_unknown.jpg
55,cluster_00055_unknown,11,11,True,/home/ssparzival/Proyectos/GitHub/Automatic-Organization-of-Anime-Character-Images/anime_character_pipeline/runs/04_hdbscan_clustering_20260523_214927/contact_sheets/cluster_00055_unknown.jpg
121,cluster_00121_unknown,11,11,True,/home/ssparzival/Proyectos/GitHub/Automatic-Organization-of-Anime-Character-Images/anime_character_pipeline/runs/04_hdbscan_clustering_20260523_214927/contact_sheets/cluster_00121_unknown.jpg
23,cluster_00023_unknown,11,11,True,/home/ssparzival/Proyectos/GitHub/Automatic-Organization-of-Anime-Character-Images/anime_character_pipeline/runs/04_hdbscan_clustering_20260523_214927/contact_sheets/cluster_00023_unknown.jpg
102,cluster_00102_unknown,10,10,True,/home/ssparzival/Proyectos/GitHub/Automatic-Organization-of-Anime-Character-Images/anime_character_pipeline/runs/04_hdbscan_clustering_20260523_214927/contact_sheets/cluster_00102_unknown.jpg
138,cluster_00138_unknown,10,10,True,/home/ssparzival/Proyectos/GitHub/Automatic-Organization-of-Anime-Character-Images/anime_character_pipeline/runs/04_hdbscan_clustering_20260523_214927/contact_sheets/cluster_00138_unknown.jpg
130,cluster_00130_unknown,10,10,True,/home/ssparzival/Proyectos/GitHub/Automatic-Organization-of-Anime-Character-Images/anime_character_pipeline/runs/04_hdbscan_clustering_20260523_214927/contact_sheets/cluster_00130_unknown.jpg
25,cluster_00025_unknown,10,10,True,/home/ssparzival/Proyectos/GitHub/Automatic-Organization-of-Anime-Character-Images/anime_character_pipeline/runs/04_hdbscan_clustering_20260523_214927/contact_sheets/cluster_00025_unknown.jpg
8,cluster_00008_unknown,10,10,True,/home/ssparzival/Proyectos/GitHub/Automatic-Organization-of-Anime-Character-Images/anime_character_pipeline/runs/04_hdbscan_clustering_20260523_214927/contact_sheets/cluster_00008_unknown.jpg
37,cluster_00037_unknown,10,10,True,/home/ssparzival/Proyectos/GitHub/Automatic-Organization-of-Anime-Character-Images/anime_character_pipeline/runs/04_hdbscan_clustering_20260523_214927/contact_sheets/cluster_00037_unknown.jpg
116,cluster_00116_unknown,10,10,True,/home/ssparzival/Proyectos/GitHub/Automatic-Organization-of-Anime-Character-Images/anime_character_pipeline/runs/04_hdbscan_clustering_20260523_214927/contact_sheets/cluster_00116_unknown.jpg
68,cluster_00068_unknown,10,10,True,/home/ssparzival/Proyectos/GitHub/Automatic-Organization-of-Anime-Character-Images/anime_character_pipeline/runs/04_hdbscan_clustering_20260523_214927/contact_sheets/cluster_00068_unknown.jpg
29,cluster_00029_unknown,10,10,True,/home/ssparzival/Proyectos/GitHub/Automatic-Organization-of-Anime-Character-Images/anime_character_pipeline/runs/04_hdbscan_clustering_20260523_214927/contact_sheets/cluster_00029_unknown.jpg
76,cluster_00076_unknown,9,9,True,/home/ssparzival/Proyectos/GitHub/Automatic-Organization-of-Anime-Character-Images/anime_character_pipeline/runs/04_hdbscan_clustering_20260523_214927/contact_sheets/cluster_00076_unknown.jpg
41,cluster_00041_unknown,9,9,True,/home/ssparzival/Proyectos/GitHub/Automatic-Organization-of-Anime-Character-Images/anime_character_pipeline/runs/04_hdbscan_clustering_20260523_214927/contact_sheets/cluster_00041_unknown.jpg
81,cluster_00081_unknown,9,9,True,/home/ssparzival/Proyectos/GitHub/Automatic-Organization-of-Anime-Character-Images/anime_character_pipeline/runs/04_hdbscan_clustering_20260523_214927/contact_sheets/cluster_00081_unknown.jpg
62,cluster_00062_unknown,9,9,True,/home/ssparzival/Proyectos/GitHub/Automatic-Organization-of-Anime-Character-Images/anime_character_pipeline/runs/04_hdbscan_clustering_20260523_214927/contact_sheets/cluster_00062_unknown.jpg
74,cluster_00074_unknown,9,9,True,/home/ssparzival/Proyectos/GitHub/Automatic-Organization-of-Anime-Character-Images/anime_character_pipeline/runs/04_hdbscan_clustering_20260523_214927/contact_sheets/cluster_00074_unknown.jpg
100,cluster_00100_unknown,9,9,True,/home/ssparzival/Proyectos/GitHub/Automatic-Organization-of-Anime-Character-Images/anime_character_pipeline/runs/04_hdbscan_clustering_20260523_214927/contact_sheets/cluster_00100_unknown.jpg
30,cluster_00030_unknown,9,9,True,/home/ssparzival/Proyectos/GitHub/Automatic-Organization-of-Anime-Character-Images/anime_character_pipeline/runs/04_hdbscan_clustering_20260523_214927/contact_sheets/cluster_00030_unknown.jpg
117,cluster_00117_unknown,9,9,True,/home/ssparzival/Proyectos/GitHub/Automatic-Organization-of-Anime-Character-Images/anime_character_pipeline/runs/04_hdbscan_clustering_20260523_214927/contact_sheets/cluster_00117_unknown.jpg
95,cluster_00095_unknown,9,9,True,/home/ssparzival/Proyectos/GitHub/Automatic-Organization-of-Anime-Character-Images/anime_character_pipeline/runs/04_hdbscan_clustering_20260523_214927/contact_sheets/cluster_00095_unknown.jpg
3,cluster_00003_unknown,9,9,True,/home/ssparzival/Proyectos/GitHub/Automatic-Organization-of-Anime-Character-Images/anime_character_pipeline/runs/04_hdbscan_clustering_20260523_214927/contact_sheets/cluster_00003_unknown.jpg
20,cluster_00020_unknown,8,8,True,/home/ssparzival/Proyectos/GitHub/Automatic-Organization-of-Anime-Character-Images/anime_character_pipeline/runs/04_hdbscan_clustering_20260523_214927/contact_sheets/cluster_00020_unknown.jpg
75,cluster_00075_unknown,8,8,True,/home/ssparzival/Proyectos/GitHub/Automatic-Organization-of-Anime-Character-Images/anime_character_pipeline/runs/04_hdbscan_clustering_20260523_214927/contact_sheets/cluster_00075_unknown.jpg
77,cluster_00077_unknown,8,8,True,/home/ssparzival/Proyectos/GitHub/Automatic-Organization-of-Anime-Character-Images/anime_character_pipeline/runs/04_hdbscan_clustering_20260523_214927/contact_sheets/cluster_00077_unknown.jpg
89,cluster_00089_unknown,8,8,True,/home/ssparzival/Proyectos/GitHub/Automatic-Organization-of-Anime-Character-Images/anime_character_pipeline/runs/04_hdbscan_clustering_20260523_214927/contact_sheets/cluster_00089_unknown.jpg
54,cluster_00054_unknown,8,8,True,/home/ssparzival/Proyectos/GitHub/Automatic-Organization-of-Anime-Character-Images/anime_character_pipeline/runs/04_hdbscan_clustering_20260523_214927/contact_sheets/cluster_00054_unknown.jpg
101,cluster_00101_unknown,8,8,True,/home/ssparzival/Proyectos/GitHub/Automatic-Organization-of-Anime-Character-Images/anime_character_pipeline/runs/04_hdbscan_clustering_20260523_214927/contact_sheets/cluster_00101_unknown.jpg
13,cluster_00013_unknown,8,8,True,/home/ssparzival/Proyectos/GitHub/Automatic-Organization-of-Anime-Character-Images/anime_character_pipeline/runs/04_hdbscan_clustering_20260523_214927/contact_sheets/cluster_00013_unknown.jpg
135,cluster_00135_unknown,7,7,True,/home/ssparzival/Proyectos/GitHub/Automatic-Organization-of-Anime-Character-Images/anime_character_pipeline/runs/04_hdbscan_clustering_20260523_214927/contact_sheets/cluster_00135_unknown.jpg
158,cluster_00158_unknown,7,7,True,/home/ssparzival/Proyectos/GitHub/Automatic-Organization-of-Anime-Character-Images/anime_character_pipeline/runs/04_hdbscan_clustering_20260523_214927/contact_sheets/cluster_00158_unknown.jpg
65,cluster_00065_unknown,7,7,True,/home/ssparzival/Proyectos/GitHub/Automatic-Organization-of-Anime-Character-Images/anime_character_pipeline/runs/04_hdbscan_clustering_20260523_214927/contact_sheets/cluster_00065_unknown.jpg
6,cluster_00006_unknown,7,7,True,/home/ssparzival/Proyectos/GitHub/Automatic-Organization-of-Anime-Character-Images/anime_character_pipeline/runs/04_hdbscan_clustering_20260523_214927/contact_sheets/cluster_00006_unknown.jpg
173,cluster_00173_unknown,7,7,True,/home/ssparzival/Proyectos/GitHub/Automatic-Organization-of-Anime-Character-Images/anime_character_pipeline/runs/04_hdbscan_clustering_20260523_214927/contact_sheets/cluster_00173_unknown.jpg
111,cluster_00111_unknown,7,7,True,/home/ssparzival/Proyectos/GitHub/Automatic-Organization-of-Anime-Character-Images/anime_character_pipeline/runs/04_hdbscan_clustering_20260523_214927/contact_sheets/cluster_00111_unknown.jpg
73,cluster_00073_unknown,7,7,True,/home/ssparzival/Proyectos/GitHub/Automatic-Organization-of-Anime-Character-Images/anime_character_pipeline/runs/04_hdbscan_clustering_20260523_214927/contact_sheets/cluster_00073_unknown.jpg
78,cluster_00078_unknown,7,7,True,/home/ssparzival/Proyectos/GitHub/Automatic-Organization-of-Anime-Character-Images/anime_character_pipeline/runs/04_hdbscan_clustering_20260523_214927/contact_sheets/cluster_00078_unknown.jpg
27,cluster_00027_unknown,7,7,True,/home/ssparzival/Proyectos/GitHub/Automatic-Organization-of-Anime-Character-Images/anime_character_pipeline/runs/04_hdbscan_clustering_20260523_214927/contact_sheets/cluster_00027_unknown.jpg
52,cluster_00052_unknown,6,6,True,/home/ssparzival/Proyectos/GitHub/Automatic-Organization-of-Anime-Character-Images/anime_character_pipeline/runs/04_hdbscan_clustering_20260523_214927/contact_sheets/cluster_00052_unknown.jpg
161,cluster_00161_unknown,6,6,True,/home/ssparzival/Proyectos/GitHub/Automatic-Organization-of-Anime-Character-Images/anime_character_pipeline/runs/04_hdbscan_clustering_20260523_214927/contact_sheets/cluster_00161_unknown.jpg
42,cluster_00042_unknown,6,6,True,/home/ssparzival/Proyectos/GitHub/Automatic-Organization-of-Anime-Character-Images/anime_character_pipeline/runs/04_hdbscan_clustering_20260523_214927/contact_sheets/cluster_00042_unknown.jpg
104,cluster_00104_unknown,6,6,True,/home/ssparzival/Proyectos/GitHub/Automatic-Organization-of-Anime-Character-Images/anime_character_pipeline/runs/04_hdbscan_clustering_20260523_214927/contact_sheets/cluster_00104_unknown.jpg
47,cluster_00047_unknown,6,6,True,/home/ssparzival/Proyectos/GitHub/Automatic-Organization-of-Anime-Character-Images/anime_character_pipeline/runs/04_hdbscan_clustering_20260523_214927/contact_sheets/cluster_00047_unknown.jpg
90,cluster_00090_unknown,6,6,True,/home/ssparzival/Proyectos/GitHub/Automatic-Organization-of-Anime-Character-Images/anime_character_pipeline/runs/04_hdbscan_clustering_20260523_214927/contact_sheets/cluster_00090_unknown.jpg
59,cluster_00059_unknown,6,6,True,/home/ssparzival/Proyectos/GitHub/Automatic-Organization-of-Anime-Character-Images/anime_character_pipeline/runs/04_hdbscan_clustering_20260523_214927/contact_sheets/cluster_00059_unknown.jpg
35,cluster_00035_unknown,6,6,True,/home/ssparzival/Proyectos/GitHub/Automatic-Organization-of-Anime-Character-Images/anime_character_pipeline/runs/04_hdbscan_clustering_20260523_214927/contact_sheets/cluster_00035_unknown.jpg
92,cluster_00092_unknown,6,6,True,/home/ssparzival/Proyectos/GitHub/Automatic-Organization-of-Anime-Character-Images/anime_character_pipeline/runs/04_hdbscan_clustering_20260523_214927/contact_sheets/cluster_00092_unknown.jpg
44,cluster_00044_unknown,6,6,True,/home/ssparzival/Proyectos/GitHub/Automatic-Organization-of-Anime-Character-Images/anime_character_pipeline/runs/04_hdbscan_clustering_20260523_214927/contact_sheets/cluster_00044_unknown.jpg
0,cluster_00000_unknown,6,6,True,/home/ssparzival/Proyectos/GitHub/Automatic-Organization-of-Anime-Character-Images/anime_character_pipeline/runs/04_hdbscan_clustering_20260523_214927/contact_sheets/cluster_00000_unknown.jpg
43,cluster_00043_unknown,6,6,True,/home/ssparzival/Proyectos/GitHub/Automatic-Organization-of-Anime-Character-Images/anime_character_pipeline/runs/04_hdbscan_clustering_20260523_214927/contact_sheets/cluster_00043_unknown.jpg
126,cluster_00126_unknown,6,6,True,/home/ssparzival/Proyectos/GitHub/Automatic-Organization-of-Anime-Character-Images/anime_character_pipeline/runs/04_hdbscan_clustering_20260523_214927/contact_sheets/cluster_00126_unknown.jpg
32,cluster_00032_unknown,6,6,True,/home/ssparzival/Proyectos/GitHub/Automatic-Organization-of-Anime-Character-Images/anime_character_pipeline/runs/04_hdbscan_clustering_20260523_214927/contact_sheets/cluster_00032_unknown.jpg
72,cluster_00072_unknown,6,6,True,/home/ssparzival/Proyectos/GitHub/Automatic-Organization-of-Anime-Character-Images/anime_character_pipeline/runs/04_hdbscan_clustering_20260523_214927/contact_sheets/cluster_00072_unknown.jpg
5,cluster_00005_unknown,6,6,True,/home/ssparzival/Proyectos/GitHub/Automatic-Organization-of-Anime-Character-Images/anime_character_pipeline/runs/04_hdbscan_clustering_20260523_214927/contact_sheets/cluster_00005_unknown.jpg
1,cluster_00001_unknown,5,5,True,/home/ssparzival/Proyectos/GitHub/Automatic-Organization-of-Anime-Character-Images/anime_character_pipeline/runs/04_hdbscan_clustering_20260523_214927/contact_sheets/cluster_00001_unknown.jpg
10,cluster_00010_unknown,5,5,True,/home/ssparzival/Proyectos/GitHub/Automatic-Organization-of-Anime-Character-Images/anime_character_pipeline/runs/04_hdbscan_clustering_20260523_214927/contact_sheets/cluster_00010_unknown.jpg
11,cluster_00011_unknown,5,5,True,/home/ssparzival/Proyectos/GitHub/Automatic-Organization-of-Anime-Character-Images/anime_character_pipeline/runs/04_hdbscan_clustering_20260523_214927/contact_sheets/cluster_00011_unknown.jpg
12,cluster_00012_unknown,5,5,True,/home/ssparzival/Proyectos/GitHub/Automatic-Organization-of-Anime-Character-Images/anime_character_pipeline/runs/04_hdbscan_clustering_20260523_214927/contact_sheets/cluster_00012_unknown.jpg
16,cluster_00016_unknown,5,5,True,/home/ssparzival/Proyectos/GitHub/Automatic-Organization-of-Anime-Character-Images/anime_character_pipeline/runs/04_hdbscan_clustering_20260523_214927/contact_sheets/cluster_00016_unknown.jpg
19,cluster_00019_unknown,5,5,True,/home/ssparzival/Proyectos/GitHub/Automatic-Organization-of-Anime-Character-Images/anime_character_pipeline/runs/04_hdbscan_clustering_20260523_214927/contact_sheets/cluster_00019_unknown.jpg
21,cluster_00021_unknown,5,5,True,/home/ssparzival/Proyectos/GitHub/Automatic-Organization-of-Anime-Character-Images/anime_character_pipeline/runs/04_hdbscan_clustering_20260523_214927/contact_sheets/cluster_00021_unknown.jpg
22,cluster_00022_unknown,5,5,True,/home/ssparzival/Proyectos/GitHub/Automatic-Organization-of-Anime-Character-Images/anime_character_pipeline/runs/04_hdbscan_clustering_20260523_214927/contact_sheets/cluster_00022_unknown.jpg
38,cluster_00038_unknown,5,5,True,/home/ssparzival/Proyectos/GitHub/Automatic-Organization-of-Anime-Character-Images/anime_character_pipeline/runs/04_hdbscan_clustering_20260523_214927/contact_sheets/cluster_00038_unknown.jpg
40,cluster_00040_unknown,5,5,True,/home/ssparzival/Proyectos/GitHub/Automatic-Organization-of-Anime-Character-Images/anime_character_pipeline/runs/04_hdbscan_clustering_20260523_214927/contact_sheets/cluster_00040_unknown.jpg
49,cluster_00049_unknown,5,5,True,/home/ssparzival/Proyectos/GitHub/Automatic-Organization-of-Anime-Character-Images/anime_character_pipeline/runs/04_hdbscan_clustering_20260523_214927/contact_sheets/cluster_00049_unknown.jpg
53,cluster_00053_unknown,5,5,True,/home/ssparzival/Proyectos/GitHub/Automatic-Organization-of-Anime-Character-Images/anime_character_pipeline/runs/04_hdbscan_clustering_20260523_214927/contact_sheets/cluster_00053_unknown.jpg
82,cluster_00082_unknown,5,5,True,/home/ssparzival/Proyectos/GitHub/Automatic-Organization-of-Anime-Character-Images/anime_character_pipeline/runs/04_hdbscan_clustering_20260523_214927/contact_sheets/cluster_00082_unknown.jpg
93,cluster_00093_unknown,5,5,True,/home/ssparzival/Proyectos/GitHub/Automatic-Organization-of-Anime-Character-Images/anime_character_pipeline/runs/04_hdbscan_clustering_20260523_214927/contact_sheets/cluster_00093_unknown.jpg
123,cluster_00123_unknown,5,5,True,/home/ssparzival/Proyectos/GitHub/Automatic-Organization-of-Anime-Character-Images/anime_character_pipeline/runs/04_hdbscan_clustering_20260523_214927/contact_sheets/cluster_00123_unknown.jpg
125,cluster_00125_unknown,5,5,True,/home/ssparzival/Proyectos/GitHub/Automatic-Organization-of-Anime-Character-Images/anime_character_pipeline/runs/04_hdbscan_clustering_20260523_214927/contact_sheets/cluster_00125_unknown.jpg
133,cluster_00133_unknown,5,5,True,/home/ssparzival/Proyectos/GitHub/Automatic-Organization-of-Anime-Character-Images/anime_character_pipeline/runs/04_hdbscan_clustering_20260523_214927/contact_sheets/cluster_00133_unknown.jpg
146,cluster_00146_unknown,5,5,True,/home/ssparzival/Proyectos/GitHub/Automatic-Organization-of-Anime-Character-Images/anime_character_pipeline/runs/04_hdbscan_clustering_20260523_214927/contact_sheets/cluster_00146_unknown.jpg
152,cluster_00152_unknown,5,5,True,/home/ssparzival/Proyectos/GitHub/Automatic-Organization-of-Anime-Character-Images/anime_character_pipeline/runs/04_hdbscan_clustering_20260523_214927/contact_sheets/cluster_00152_unknown.jpg
163,cluster_00163_unknown,5,5,True,/home/ssparzival/Proyectos/GitHub/Automatic-Organization-of-Anime-Character-Images/anime_character_pipeline/runs/04_hdbscan_clustering_20260523_214927/contact_sheets/cluster_00163_unknown.jpg
