cluster_label,cluster_folder_stub,is_noise_cluster,image_count,requires_review_count,requires_review_share,mean_probability,median_probability,min_probability,mean_outlier_score,median_outlier_score,max_outlier_score,mean_distance_to_centroid,median_distance_to_centroid,max_distance_to_centroid,head_crop_count,person_crop_count,full_image_count
183,cluster_00183_unknown,False,505,137,0.2712871287128713,0.9651349782943726,0.9858344793319702,0.8796502351760864,0.2082073986530304,0.2287020981311798,0.31177860498428345,0.5190821886062622,0.5175496339797974,0.7941998243331909,503,0,2
169,cluster_00169_unknown,False,352,88,0.25,0.764622151851654,0.7492912411689758,0.638884425163269,0.23537783324718475,0.25070875883102417,0.36111554503440857,0.48744070529937744,0.4829140901565552,0.9197543263435364,351,1,0
171,cluster_00171_unknown,False,344,76,0.22093023255813954,0.7862734198570251,0.7819914817810059,0.6500094532966614,0.21372662484645844,0.21800853312015533,0.349990576505661,0.46823999285697937,0.4692106246948242,0.6727166175842285,344,0,0
172,cluster_00172_unknown,False,240,58,0.24166666666666667,0.7279396653175354,0.7028548717498779,0.5914025902748108,0.2720603346824646,0.29714518785476685,0.4085973799228668,0.46239787340164185,0.45726102590560913,0.8695240616798401,239,1,0
181,cluster_00181_unknown,False,233,41,0.1759656652360515,0.9782788753509521,1.0,0.8910254836082458,0.15385138988494873,0.16693802177906036,0.2767079472541809,0.43757864832878113,0.4370984733104706,0.6052650809288025,233,0,0
110,cluster_00110_unknown,False,217,47,0.21658986175115208,0.9637874960899353,1.0,0.8192261457443237,0.36658021807670593,0.41053107380867004,0.5606149435043335,0.49874168634414673,0.4775528907775879,0.9855643510818481,214,3,0
170,cluster_00170_unknown,False,160,42,0.2625,0.6840378046035767,0.6780996918678284,0.4389466643333435,0.31596216559410095,0.32190030813217163,0.5610533356666565,0.39088356494903564,0.35975027084350586,0.9015821814537048,159,1,0
139,cluster_00139_unknown,False,141,44,0.3120567375886525,0.9337775111198425,0.9776211977005005,0.7587209343910217,0.321362167596817,0.36880794167518616,0.5101388692855835,0.4240367114543915,0.418414831161499,0.6767746210098267,141,0,0
177,cluster_00177_unknown,False,138,48,0.34782608695652173,0.9025393724441528,0.9009650945663452,0.7539064288139343,0.1612706184387207,0.1722898781299591,0.30739161372184753,0.43159815669059753,0.42859888076782227,0.6651718616485596,137,1,0
148,cluster_00148_unknown,False,129,45,0.3488372093023256,0.7819441556930542,0.7597898244857788,0.6318703293800354,0.218055859208107,0.24021016061306,0.3681296408176422,0.4662400186061859,0.46129047870635986,0.7747576236724854,129,0,0
147,cluster_00147_unknown,False,128,50,0.390625,0.8216257095336914,0.8148845434188843,0.7030101418495178,0.17837423086166382,0.18511544167995453,0.29698988795280457,0.4838401675224304,0.49133649468421936,0.6344723105430603,128,0,0
142,cluster_00142_unknown,False,126,49,0.3888888888888889,0.7863306403160095,0.760810375213623,0.6398681402206421,0.21366938948631287,0.23918965458869934,0.3601318597793579,0.4693969190120697,0.4562235474586487,0.8232547044754028,126,0,0
176,cluster_00176_unknown,False,116,25,0.21551724137931033,0.7936998605728149,0.7754988670349121,0.6573591828346252,0.20630012452602386,0.22450114786624908,0.34264081716537476,0.3950009047985077,0.3952028751373291,0.6000298857688904,116,0,0
179,cluster_00179_unknown,False,112,11,0.09821428571428571,0.8147234320640564,0.8128648996353149,0.6453336477279663,0.185276597738266,0.18713510036468506,0.3546663522720337,0.34854188561439514,0.35032206773757935,0.6350644826889038,112,0,0
118,cluster_00118_unknown,False,103,25,0.24271844660194175,0.7957106828689575,0.8104164004325867,0.5904813408851624,0.20428939163684845,0.18958361446857452,0.40951865911483765,0.44558364152908325,0.4230553209781647,0.857873260974884,103,0,0
153,cluster_00153_unknown,False,79,11,0.13924050632911392,0.8386091589927673,0.8395224809646606,0.7074910998344421,0.16139091551303864,0.16047750413417816,0.29250890016555786,0.4039832353591919,0.396807461977005,0.6023011803627014,79,0,0
180,cluster_00180_unknown,False,79,6,0.0759493670886076,0.8660778403282166,0.8626941442489624,0.7383978366851807,0.13392223417758942,0.1373058557510376,0.2616021931171417,0.35791680216789246,0.35756322741508484,0.4850650131702423,79,0,0
160,cluster_00160_unknown,False,74,12,0.16216216216216217,0.785763680934906,0.787019670009613,0.5856784582138062,0.21423634886741638,0.21298030018806458,0.41432157158851624,0.39073818922042847,0.3824724555015564,0.5831232666969299,74,0,0
178,cluster_00178_unknown,False,74,6,0.08108108108108109,0.8585864901542664,0.8506408929824829,0.6911352276802063,0.14141350984573364,0.14935904741287231,0.3088648021221161,0.3982759118080139,0.39180898666381836,0.5568389296531677,74,0,0
107,cluster_00107_unknown,False,66,22,0.3333333333333333,0.9034478664398193,0.8980950117111206,0.8256490230560303,0.09655214101076126,0.10190500319004059,0.17435099184513092,0.5005397200584412,0.49722081422805786,0.6606590747833252,66,0,0
26,cluster_00026_unknown,False,64,10,0.15625,0.9305286407470703,0.9418314695358276,0.8258872032165527,0.0978906899690628,0.09746823459863663,0.20857447385787964,0.5628538131713867,0.5697901248931885,0.7680726051330566,64,0,0
122,cluster_00122_unknown,False,64,50,0.78125,0.9569146037101746,0.9643684029579163,0.8882286548614502,0.14977115392684937,0.18200048804283142,0.2465839982032776,0.5167155265808105,0.5317962169647217,0.6808895468711853,64,0,0
113,cluster_00113_unknown,False,60,19,0.31666666666666665,0.8647777438163757,0.8638542294502258,0.7614968419075012,0.13522221148014069,0.13614577054977417,0.23850314319133759,0.4912785589694977,0.48701757192611694,0.6895967721939087,60,0,0
174,cluster_00174_unknown,False,59,22,0.3728813559322034,0.7909876108169556,0.7568070888519287,0.6629503965377808,0.2090124636888504,0.2431928813457489,0.3370496332645416,0.4070550501346588,0.4154098331928253,0.5300987362861633,59,0,0
56,cluster_00056_unknown,False,57,13,0.22807017543859648,0.7737119793891907,0.7748911380767822,0.5346623063087463,0.2262880802154541,0.22510889172554016,0.46533769369125366,0.4322013854980469,0.41032373905181885,0.7169654369354248,57,0,0
134,cluster_00134_unknown,False,52,9,0.17307692307692307,0.618204653263092,0.5599372386932373,0.42005613446235657,0.38179534673690796,0.4400627613067627,0.5799438953399658,0.39429447054862976,0.37682387232780457,0.6366015076637268,50,2,0
187,cluster_00187_unknown,False,51,10,0.19607843137254902,0.8841506242752075,0.8789111971855164,0.7747858762741089,0.11584945023059845,0.12108877301216125,0.2252141386270523,0.3736259341239929,0.36288586258888245,0.6123689413070679,51,0,0
137,cluster_00137_unknown,False,50,11,0.22,0.8860992193222046,0.8871244192123413,0.7379419207572937,0.11390072852373123,0.11287553608417511,0.2620581090450287,0.41433438658714294,0.40428626537323,0.5987011194229126,50,0,0
154,cluster_00154_unknown,False,50,7,0.14,0.937516450881958,0.9358458518981934,0.8862127661705017,0.06248357146978378,0.06415409594774246,0.11378725618124008,0.4315115809440613,0.43241360783576965,0.5274315476417542,50,0,0
155,cluster_00155_unknown,False,50,8,0.16,0.8698744177818298,0.8717975616455078,0.7421085834503174,0.13012553751468658,0.12820246815681458,0.2578914165496826,0.4265674650669098,0.42854759097099304,0.5716294646263123,50,0,0
185,cluster_00185_unknown,False,50,6,0.12,0.9489915370941162,0.9432406425476074,0.8845525979995728,0.07735380530357361,0.09466376155614853,0.15099340677261353,0.421926885843277,0.42581698298454285,0.6000440120697021,50,0,0
17,cluster_00017_unknown,False,49,8,0.16326530612244897,0.8407674431800842,0.8326659202575684,0.695479691028595,0.15923252701759338,0.16733407974243164,0.30452027916908264,0.4890088140964508,0.4848923683166504,0.789063572883606,49,0,0
182,cluster_00182_unknown,False,49,7,0.14285714285714285,0.907245397567749,0.9032663702964783,0.7862132787704468,0.10588452965021133,0.11453910917043686,0.2292848527431488,0.3728656470775604,0.3832800090312958,0.5054747462272644,49,0,0
99,cluster_00099_unknown,False,48,8,0.16666666666666666,0.8364027142524719,0.8102502822875977,0.7456713914871216,0.1635972410440445,0.18974970281124115,0.2543286085128784,0.5354137420654297,0.5269227027893066,0.8210896253585815,48,0,0
39,cluster_00039_unknown,False,46,6,0.13043478260869565,0.8840618133544922,0.9088038802146912,0.6470412015914917,0.11593804508447647,0.09119610488414764,0.3529587686061859,0.4116196036338806,0.40240663290023804,0.6383364200592041,45,1,0
94,cluster_00094_unknown,False,46,8,0.17391304347826086,0.9045631289482117,0.8951261043548584,0.8277490735054016,0.09543686360120773,0.1048739105463028,0.17225094139575958,0.5348676443099976,0.5238727927207947,0.7781440615653992,42,4,0
175,cluster_00175_unknown,False,46,4,0.08695652173913043,0.8875819444656372,0.884658694267273,0.7530748844146729,0.1124180406332016,0.11534127593040466,0.24692511558532715,0.3578375577926636,0.34693896770477295,0.4897472858428955,46,0,0
144,cluster_00144_unknown,False,45,6,0.13333333333333333,0.8578333258628845,0.8299691081047058,0.7091884613037109,0.14216667413711548,0.17003092169761658,0.29081156849861145,0.389806866645813,0.4022246301174164,0.5122679471969604,45,0,0
108,cluster_00108_unknown,False,44,11,0.25,0.8111351132392883,0.8268809914588928,0.616271436214447,0.1888648420572281,0.17311900854110718,0.383728563785553,0.42168760299682617,0.3962075114250183,0.6397524476051331,43,0,1
120,cluster_00120_unknown,False,42,6,0.14285714285714285,0.8510940074920654,0.8413716554641724,0.6843365430831909,0.14890600740909576,0.15862834453582764,0.3156634569168091,0.43557363748550415,0.4337501525878906,0.603947639465332,42,0,0
157,cluster_00157_unknown,False,42,35,0.8333333333333334,0.9549212455749512,0.9536982178688049,0.9121779799461365,0.04507863149046898,0.04630175977945328,0.08782202750444412,0.48770540952682495,0.49004465341567993,0.5684467554092407,42,0,0
165,cluster_00165_unknown,False,42,3,0.07142857142857142,0.8989046812057495,0.8888542652130127,0.8110583424568176,0.10109525918960571,0.1111457347869873,0.18894168734550476,0.44448593258857727,0.4434981346130371,0.6920256614685059,42,0,0
145,cluster_00145_unknown,False,41,6,0.14634146341463414,0.8947049379348755,0.9097734093666077,0.7033963799476624,0.10529506206512451,0.09022657573223114,0.29660364985466003,0.39330488443374634,0.36659833788871765,0.5853615403175354,41,0,0
136,cluster_00136_unknown,False,39,6,0.15384615384615385,0.9316725134849548,0.943716824054718,0.8205019235610962,0.06832758337259293,0.05628320202231407,0.1794980764389038,0.4303945302963257,0.4311674237251282,0.5597628355026245,39,0,0
109,cluster_00109_unknown,False,38,7,0.18421052631578946,0.8177986741065979,0.8014378547668457,0.6541621685028076,0.1822013407945633,0.1985621154308319,0.3458378314971924,0.42307376861572266,0.41229915618896484,0.5976195931434631,38,0,0
33,cluster_00033_unknown,False,35,5,0.14285714285714285,0.923052191734314,0.942176103591919,0.814462423324585,0.07694777846336365,0.05782392621040344,0.18553759157657623,0.4089985191822052,0.4024779200553894,0.5541355609893799,35,0,0
141,cluster_00141_unknown,False,34,13,0.38235294117647056,0.8979791402816772,0.8954834938049316,0.7971025705337524,0.10202085971832275,0.10451650619506836,0.20289742946624756,0.4376422166824341,0.43379390239715576,0.5630806684494019,31,1,2
115,cluster_00115_unknown,False,33,11,0.3333333333333333,0.9270893335342407,0.9385951161384583,0.8092145323753357,0.07291066646575928,0.061404868960380554,0.1907854676246643,0.40928444266319275,0.3975013792514801,0.5342153906822205,33,0,0
162,cluster_00162_unknown,False,31,9,0.2903225806451613,0.8951722383499146,0.8753232955932617,0.8203669786453247,0.10482771694660187,0.12467672675848007,0.1796329915523529,0.4204076826572418,0.42630282044410706,0.6207453608512878,31,0,0
15,cluster_00015_unknown,False,30,9,0.3,0.8039896488189697,0.8034931421279907,0.524127185344696,0.19601036608219147,0.1965067982673645,0.47587281465530396,0.388727068901062,0.39198487997055054,0.6398922204971313,30,0,0
119,cluster_00119_unknown,False,30,5,0.16666666666666666,0.8768006563186646,0.8593690395355225,0.7354570627212524,0.12319938838481903,0.14063096046447754,0.26454293727874756,0.46956533193588257,0.4648650288581848,0.7690286040306091,19,10,1
167,cluster_00167_unknown,False,30,2,0.06666666666666667,0.9291159510612488,0.9337818622589111,0.8431538939476013,0.07088405638933182,0.06621814519166946,0.15684612095355988,0.41669511795043945,0.41444575786590576,0.5364035964012146,30,0,0
87,cluster_00087_unknown,False,29,5,0.1724137931034483,0.8520956635475159,0.9006324410438538,0.6685832142829895,0.14790435135364532,0.09936754405498505,0.3314167857170105,0.4092862010002136,0.3925098776817322,0.5603857040405273,29,0,0
96,cluster_00096_unknown,False,29,6,0.20689655172413793,0.9450977444648743,0.938988208770752,0.872717559337616,0.05490226298570633,0.06101178750395775,0.12728245556354523,0.46377405524253845,0.465268075466156,0.5713375210762024,29,0,0
28,cluster_00028_unknown,False,28,5,0.17857142857142858,0.8594975471496582,0.857984721660614,0.7261424660682678,0.1405024379491806,0.1420152634382248,0.27385756373405457,0.49749332666397095,0.4801871180534363,0.7463780641555786,28,0,0
50,cluster_00050_unknown,False,28,7,0.25,0.8890031576156616,0.9047423601150513,0.7285764217376709,0.11099689453840256,0.09525760263204575,0.2714236080646515,0.42524954676628113,0.4093005061149597,0.5832258462905884,28,0,0
60,cluster_00060_unknown,False,28,3,0.10714285714285714,0.9408486485481262,0.9590543508529663,0.7755150198936462,0.059151291847229004,0.040945686399936676,0.22448498010635376,0.42194801568984985,0.4107586145401001,0.5800156593322754,28,0,0
140,cluster_00140_unknown,False,28,8,0.2857142857142857,0.8757850527763367,0.8533258438110352,0.7710096836090088,0.12421490997076035,0.14667412638664246,0.22899030148983002,0.3984770178794861,0.40426111221313477,0.609844982624054,28,0,0
31,cluster_00031_unknown,False,27,10,0.37037037037037035,0.8719559907913208,0.8539474606513977,0.7492021322250366,0.1280440092086792,0.1460525393486023,0.250797837972641,0.4497968554496765,0.467589408159256,0.570267379283905,26,1,0
57,cluster_00057_unknown,False,27,5,0.18518518518518517,0.9181933403015137,0.914251446723938,0.8427191972732544,0.0818067193031311,0.08574852347373962,0.157280832529068,0.5123032927513123,0.485401451587677,0.7492095232009888,27,0,0
80,cluster_00080_unknown,False,27,8,0.2962962962962963,0.9115723967552185,0.9269623756408691,0.8081631064414978,0.08842767775058746,0.07303763180971146,0.1918368935585022,0.43192917108535767,0.41998252272605896,0.5435977578163147,27,0,0
14,cluster_00014_unknown,False,26,9,0.34615384615384615,0.8313313722610474,0.8558703660964966,0.5547184944152832,0.16866852343082428,0.14412960410118103,0.4452815055847168,0.38586175441741943,0.38868290185928345,0.6512438058853149,26,0,0
48,cluster_00048_unknown,False,26,2,0.07692307692307693,0.8832457661628723,0.8841016292572021,0.7445451617240906,0.11675422638654709,0.11589834094047546,0.2554548382759094,0.44991829991340637,0.44199472665786743,0.6149302124977112,26,0,0
131,cluster_00131_unknown,False,26,5,0.19230769230769232,0.8794151544570923,0.8756797909736633,0.744536817073822,0.1205848753452301,0.12432020157575607,0.255463182926178,0.40400803089141846,0.4028747081756592,0.5387519598007202,26,0,0
112,cluster_00112_unknown,False,25,1,0.04,0.9038543701171875,0.9057296514511108,0.8137190937995911,0.09614560008049011,0.09427036345005035,0.18628090620040894,0.47641655802726746,0.48232144117355347,0.6935694217681885,25,0,0
83,cluster_00083_unknown,False,24,2,0.08333333333333333,0.8905007243156433,0.9082514047622681,0.6995608806610107,0.1094992533326149,0.09174862504005432,0.30043914914131165,0.40084290504455566,0.3939645290374756,0.5989668965339661,24,0,0
84,cluster_00084_unknown,False,24,10,0.4166666666666667,0.8426802754402161,0.8014029264450073,0.6625652313232422,0.15731970965862274,0.19859707355499268,0.3374347388744354,0.41403818130493164,0.43795058131217957,0.5516130924224854,24,0,0
184,cluster_00184_unknown,False,24,9,0.375,0.9062101244926453,0.8821027278900146,0.7942677736282349,0.09378985315561295,0.11789724230766296,0.20573222637176514,0.3867539167404175,0.37421703338623047,0.6547021269798279,24,0,0
36,cluster_00036_unknown,False,23,10,0.43478260869565216,0.8936981558799744,0.8799402713775635,0.7534735798835754,0.10630179196596146,0.12005972117185593,0.24652643501758575,0.4421846270561218,0.44439175724983215,0.595025360584259,23,0,0
46,cluster_00046_unknown,False,23,6,0.2608695652173913,0.9190834760665894,0.9169560670852661,0.7628620266914368,0.08091652393341064,0.08304393291473389,0.23713798820972443,0.4356450140476227,0.4479447603225708,0.6138610243797302,23,0,0
79,cluster_00079_unknown,False,23,3,0.13043478260869565,0.9053330421447754,0.8726716041564941,0.7816387414932251,0.09466690570116043,0.12732842564582825,0.2183612436056137,0.41941186785697937,0.42223605513572693,0.5915085077285767,23,0,0
151,cluster_00151_unknown,False,23,3,0.13043478260869565,0.9110445976257324,0.8960725665092468,0.8302372694015503,0.08895545452833176,0.10392741113901138,0.1697627305984497,0.4371586740016937,0.4463950991630554,0.5909576416015625,23,0,0
64,cluster_00064_unknown,False,22,1,0.045454545454545456,0.8909890651702881,0.9109959006309509,0.725794792175293,0.10901093482971191,0.08900411427021027,0.27420520782470703,0.4126770794391632,0.40389472246170044,0.5768132209777832,22,0,0
114,cluster_00114_unknown,False,22,11,0.5,0.9199449419975281,0.8972008228302002,0.8525867462158203,0.08005505055189133,0.102799192070961,0.1474132388830185,0.47251856327056885,0.4579719305038452,0.653907299041748,21,0,1
166,cluster_00166_unknown,False,22,2,0.09090909090909091,0.8718897104263306,0.8730515241622925,0.707715630531311,0.12811028957366943,0.12694846093654633,0.29228436946868896,0.34081318974494934,0.3269110918045044,0.48788225650787354,22,0,0
7,cluster_00007_unknown,False,21,2,0.09523809523809523,0.8518862128257751,0.89473557472229,0.6657434105873108,0.14811377227306366,0.10526441782712936,0.3342565596103668,0.45800986886024475,0.448253870010376,0.6245855093002319,21,0,0
61,cluster_00061_unknown,False,21,3,0.14285714285714285,0.9163990020751953,0.8988313674926758,0.828272819519043,0.0836009606719017,0.10116863250732422,0.17172718048095703,0.4542556405067444,0.45399749279022217,0.547214150428772,21,0,0
69,cluster_00069_unknown,False,21,1,0.047619047619047616,0.9212273955345154,0.9289075136184692,0.8239644765853882,0.07877255976200104,0.07109245657920837,0.17603549361228943,0.45367732644081116,0.4725411534309387,0.5588330030441284,21,0,0
159,cluster_00159_unknown,False,20,8,0.4,0.9409502148628235,0.9271515011787415,0.8578383922576904,0.05904974415898323,0.07284850627183914,0.14216157793998718,0.3995223045349121,0.3988978862762451,0.4989190399646759,20,0,0
105,cluster_00105_unknown,False,19,5,0.2631578947368421,0.9376859068870544,0.9429827928543091,0.8689724206924438,0.062314171344041824,0.05701718106865883,0.13102757930755615,0.4614121913909912,0.45155632495880127,0.7949590682983398,19,0,0
18,cluster_00018_unknown,False,18,0,0.0,0.8288742899894714,0.8543139100074768,0.6387999653816223,0.17112571001052856,0.1456860899925232,0.3612000346183777,0.4331071972846985,0.4012506902217865,0.6225446462631226,16,2,0
34,cluster_00034_unknown,False,18,5,0.2777777777777778,0.9228302836418152,0.934561014175415,0.8350759744644165,0.0771697461605072,0.06543900072574615,0.1649240106344223,0.4104154109954834,0.40328434109687805,0.5286993980407715,18,0,0
45,cluster_00045_unknown,False,18,15,0.8333333333333334,0.9375651478767395,0.9294809103012085,0.8542366027832031,0.06243482604622841,0.07051914185285568,0.14576338231563568,0.4515247344970703,0.46486830711364746,0.5876990556716919,18,0,0
156,cluster_00156_unknown,False,18,6,0.3333333333333333,0.8756136298179626,0.9058538675308228,0.6543096303939819,0.12438641488552094,0.09414616227149963,0.34569036960601807,0.36272016167640686,0.3293473720550537,0.6335355639457703,18,0,0
164,cluster_00164_unknown,False,18,3,0.16666666666666666,0.8977336883544922,0.9114693999290466,0.7669609785079956,0.10226630419492722,0.08853060007095337,0.2330390065908432,0.3820839822292328,0.3948848247528076,0.493573933839798,18,0,0
4,cluster_00004_unknown,False,17,8,0.47058823529411764,0.8851441740989685,0.8590410947799683,0.7649242877960205,0.1148558259010315,0.14095893502235413,0.2350756973028183,0.46076738834381104,0.44619283080101013,0.5994430184364319,17,0,0
51,cluster_00051_unknown,False,17,1,0.058823529411764705,0.9329368472099304,0.9488816857337952,0.8238230347633362,0.06706319004297256,0.05111830681562424,0.17617696523666382,0.4579833149909973,0.43630146980285645,0.7102742791175842,17,0,0
98,cluster_00098_unknown,False,17,1,0.058823529411764705,0.9497442841529846,0.9378881454467773,0.8622543811798096,0.050255753099918365,0.062111835926771164,0.13774563372135162,0.4679583013057709,0.46757233142852783,0.6427213549613953,17,0,0
85,cluster_00085_unknown,False,16,3,0.1875,0.9539151787757874,0.9518952369689941,0.9034492373466492,0.046084798872470856,0.04810476303100586,0.09655078500509262,0.47148096561431885,0.4840846359729767,0.5837191343307495,16,0,0
143,cluster_00143_unknown,False,16,1,0.0625,0.848556637763977,0.8141087293624878,0.6518531441688538,0.15144336223602295,0.18589121103286743,0.34814682602882385,0.3276079297065735,0.35748448967933655,0.44683918356895447,15,1,0
9,cluster_00009_unknown,False,15,3,0.2,0.8895576596260071,0.8922505378723145,0.6880451440811157,0.11044232547283173,0.10774945467710495,0.3119548559188843,0.40209001302719116,0.3949003517627716,0.5728933811187744,15,0,0
58,cluster_00058_unknown,False,15,4,0.26666666666666666,0.9407393336296082,0.9154791235923767,0.8951589465141296,0.059260595589876175,0.08452089130878448,0.10484105348587036,0.496808260679245,0.48639050126075745,0.6199818849563599,15,0,0
67,cluster_00067_unknown,False,15,4,0.26666666666666666,0.9466575384140015,0.9550369381904602,0.8587247133255005,0.05334240198135376,0.04496303200721741,0.14127527177333832,0.4531075358390808,0.45958682894706726,0.5768633484840393,15,0,0
91,cluster_00091_unknown,False,15,0,0.0,0.9517073035240173,0.9542882442474365,0.8740916848182678,0.04829274117946625,0.04571174457669258,0.1259082853794098,0.40979623794555664,0.41849035024642944,0.6223458647727966,15,0,0
132,cluster_00132_unknown,False,15,2,0.13333333333333333,0.9810353517532349,0.9761468768119812,0.9567254185676575,0.0189646128565073,0.023853126913309097,0.043274588882923126,0.4520612061023712,0.4588923156261444,0.5929803252220154,14,1,0
168,cluster_00168_unknown,False,15,1,0.06666666666666667,0.9702655076980591,0.9866164326667786,0.8965847492218018,0.0297344122081995,0.013383540324866772,0.10341527312994003,0.3964890241622925,0.3781152367591858,0.6592081189155579,15,0,0
2,cluster_00002_unknown,False,14,1,0.07142857142857142,0.9689878225326538,0.993526041507721,0.8342117071151733,0.031012188643217087,0.0064739808440208435,0.16578832268714905,0.4328790605068207,0.4249211251735687,0.5834729671478271,14,0,0
24,cluster_00024_unknown,False,14,2,0.14285714285714285,0.9362297654151917,0.9580336809158325,0.8181841373443604,0.06377019733190536,0.04196637123823166,0.18181584775447845,0.4576643109321594,0.4244849979877472,0.6596533060073853,14,0,0
70,cluster_00070_unknown,False,14,4,0.2857142857142857,0.8997324705123901,0.9577114582061768,0.7016438245773315,0.10026749223470688,0.042288556694984436,0.29835617542266846,0.35492435097694397,0.34381526708602905,0.5043430924415588,14,0,0
86,cluster_00086_unknown,False,14,0,0.0,0.9604920148849487,0.9625430703163147,0.9074468612670898,0.03950793296098709,0.0374569408595562,0.09255316108465195,0.4362109303474426,0.4452284872531891,0.524910032749176,14,0,0
149,cluster_00149_unknown,False,14,11,0.7857142857142857,0.9798399209976196,0.9827290773391724,0.9578747749328613,0.020160095766186714,0.017270933836698532,0.042125213891267776,0.5029221177101135,0.5175807476043701,0.6490368843078613,14,0,0
186,cluster_00186_unknown,False,14,4,0.2857142857142857,0.8842503428459167,0.9002293348312378,0.5915740132331848,0.11574956029653549,0.09977066516876221,0.4084259867668152,0.2356632798910141,0.219142884016037,0.3975422978401184,14,0,0
66,cluster_00066_unknown,False,13,1,0.07692307692307693,0.8773915767669678,0.9260339140892029,0.7106612920761108,0.12260838598012924,0.07396606355905533,0.28933870792388916,0.3727031946182251,0.33082491159439087,0.5765064358711243,13,0,0
71,cluster_00071_unknown,False,13,4,0.3076923076923077,0.9159152507781982,0.8795852661132812,0.8117941617965698,0.08408469706773758,0.12041471898555756,0.18820583820343018,0.4231644868850708,0.4200049042701721,0.5231586694717407,13,0,0
88,cluster_00088_unknown,False,12,1,0.08333333333333333,0.9860556721687317,0.9970417022705078,0.9362586736679077,0.013944254256784916,0.0029582586139440536,0.06374131888151169,0.42368555068969727,0.4407700300216675,0.4786229729652405,12,0,0
97,cluster_00097_unknown,False,12,1,0.08333333333333333,0.9400482773780823,0.9854843020439148,0.8152343034744263,0.05995167791843414,0.014515708200633526,0.18476569652557373,0.37920328974723816,0.3464507460594177,0.49009421467781067,12,0,0
103,cluster_00103_unknown,False,12,2,0.16666666666666666,0.987834632396698,0.9928399324417114,0.9491174817085266,0.012165389955043793,0.007160085253417492,0.05088252201676369,0.46514391899108887,0.4570009112358093,0.6351118087768555,12,0,0
106,cluster_00106_unknown,False,12,1,0.08333333333333333,0.9853891730308533,0.9886437654495239,0.9662507772445679,0.014610779471695423,0.011356282979249954,0.03374920040369034,0.45580360293388367,0.4400669038295746,0.5530803799629211,12,0,0
124,cluster_00124_unknown,False,12,0,0.0,0.9315268397331238,0.9625810980796814,0.7766221761703491,0.06847318261861801,0.0374189093708992,0.22337783873081207,0.34053611755371094,0.33776047825813293,0.47503140568733215,12,0,0
129,cluster_00129_unknown,False,12,4,0.3333333333333333,0.9735925197601318,0.9813389778137207,0.925804853439331,0.026407448574900627,0.01866104267537594,0.07419513165950775,0.426037460565567,0.42052745819091797,0.5399002432823181,12,0,0
150,cluster_00150_unknown,False,12,3,0.25,0.9755135178565979,0.99861741065979,0.9191417098045349,0.02448648028075695,0.001382600050419569,0.08085829019546509,0.37486448884010315,0.38139939308166504,0.4637452960014343,12,0,0
23,cluster_00023_unknown,False,11,0,0.0,0.9568173885345459,0.9681249260902405,0.871208131313324,0.0431826114654541,0.031875092536211014,0.12879185378551483,0.41877472400665283,0.4362967014312744,0.5156089067459106,11,0,0
55,cluster_00055_unknown,False,11,0,0.0,0.9595499038696289,0.9647639989852905,0.8824482560157776,0.04045003280043602,0.03523598238825798,0.11755172908306122,0.41905319690704346,0.41389837861061096,0.5268524289131165,11,0,0
63,cluster_00063_unknown,False,11,0,0.0,0.9741834998130798,0.9929190278053284,0.9156984686851501,0.02581646293401718,0.007080989424139261,0.08430152386426926,0.4191005527973175,0.4301532506942749,0.5154643654823303,11,0,0
121,cluster_00121_unknown,False,11,1,0.09090909090909091,0.9592211246490479,0.9686447978019714,0.8698460459709167,0.04077887907624245,0.03135522082448006,0.13015393912792206,0.39408591389656067,0.4088195860385895,0.5090738534927368,11,0,0
127,cluster_00127_unknown,False,11,8,0.7272727272727273,0.9939107298851013,1.0,0.9785043001174927,0.006089261267334223,0.0,0.021495690569281578,0.4527752697467804,0.4710555970668793,0.5270260572433472,11,0,0
128,cluster_00128_unknown,False,11,2,0.18181818181818182,0.9640100598335266,0.9785261750221252,0.9170137047767639,0.03598988056182861,0.021473804488778114,0.08298628777265549,0.4636179804801941,0.4427959620952606,0.6536909341812134,11,0,0
8,cluster_00008_unknown,False,10,1,0.1,0.9609082341194153,0.9780548810958862,0.8818461894989014,0.03909178823232651,0.021945133805274963,0.11815378814935684,0.4161141514778137,0.41396045684814453,0.5628320574760437,10,0,0
25,cluster_00025_unknown,False,10,2,0.2,0.9749887585639954,0.9853990077972412,0.933342456817627,0.025011247023940086,0.014601034112274647,0.06665752083063126,0.4303279519081116,0.4229893088340759,0.5135852694511414,10,0,0
29,cluster_00029_unknown,False,10,9,0.9,0.9136486053466797,0.9563935399055481,0.7542299032211304,0.0863514170050621,0.0436064638197422,0.24577009677886963,0.3892112076282501,0.39487212896347046,0.5682591199874878,10,0,0
37,cluster_00037_unknown,False,10,1,0.1,0.9397517442703247,0.9457638263702393,0.8708797693252563,0.06024829298257828,0.05423621088266373,0.12912026047706604,0.45901480317115784,0.46894556283950806,0.6839401721954346,10,0,0
68,cluster_00068_unknown,False,10,3,0.3,0.9368072748184204,0.9906836748123169,0.7787590622901917,0.06319276243448257,0.009316329844295979,0.22124093770980835,0.34925130009651184,0.3493305742740631,0.46654319763183594,10,0,0
102,cluster_00102_unknown,False,10,2,0.2,0.9935647249221802,0.9966050386428833,0.9652852416038513,0.006435302551835775,0.0033950028009712696,0.034714750945568085,0.45520830154418945,0.4375928044319153,0.5464842915534973,8,2,0
116,cluster_00116_unknown,False,10,9,0.9,0.9378727078437805,0.9508571028709412,0.8650804162025452,0.062127333134412766,0.04914289712905884,0.13491959869861603,0.36198335886001587,0.39188915491104126,0.47142675518989563,10,0,0
130,cluster_00130_unknown,False,10,1,0.1,0.9752318263053894,1.0,0.8872513175010681,0.02476816438138485,0.0,0.11274870485067368,0.3783267140388489,0.4064415693283081,0.5057387351989746,10,0,0
138,cluster_00138_unknown,False,10,0,0.0,0.9837415814399719,0.9896841049194336,0.9616419076919556,0.016258450224995613,0.010315915569663048,0.038358092308044434,0.4023691713809967,0.4042738676071167,0.4540179967880249,10,0,0
3,cluster_00003_unknown,False,9,1,0.1111111111111111,0.9533518552780151,1.0,0.8182356953620911,0.04664812982082367,0.0,0.18176431953907013,0.4044218957424164,0.3802299499511719,0.589371383190155,9,0,0
30,cluster_00030_unknown,False,9,6,0.6666666666666666,0.9751994013786316,1.0,0.8926138281822205,0.024800684303045273,0.0,0.10738614946603775,0.3885073959827423,0.40676426887512207,0.4975358545780182,9,0,0
41,cluster_00041_unknown,False,9,1,0.1111111111111111,0.9919244050979614,1.0,0.9697608351707458,0.008075626567006111,0.0,0.030239157378673553,0.42686107754707336,0.4170108139514923,0.48919400572776794,9,0,0
62,cluster_00062_unknown,False,9,0,0.0,0.988984227180481,1.0,0.9264984726905823,0.011015785858035088,0.0,0.07350154221057892,0.4065973460674286,0.40013352036476135,0.4849732518196106,9,0,0
74,cluster_00074_unknown,False,9,1,0.1111111111111111,0.9805578589439392,1.0,0.9379526972770691,0.0194421224296093,0.0,0.06204729154706001,0.40892258286476135,0.4002947509288788,0.4701131284236908,9,0,0
76,cluster_00076_unknown,False,9,2,0.2222222222222222,0.9944023489952087,1.0,0.9777851104736328,0.005597690586000681,0.0,0.02221491187810898,0.46557316184043884,0.4537735879421234,0.5711184144020081,9,0,0
81,cluster_00081_unknown,False,9,3,0.3333333333333333,0.9907974600791931,1.0,0.9751635789871216,0.009202511981129646,0.0,0.024836445227265358,0.4195873439311981,0.4123813807964325,0.6409543752670288,9,0,0
95,cluster_00095_unknown,False,9,2,0.2222222222222222,0.9628855586051941,1.0,0.8827550411224365,0.03711448237299919,0.0,0.11724495142698288,0.42789751291275024,0.42894208431243896,0.6848625540733337,9,0,0
100,cluster_00100_unknown,False,9,5,0.5555555555555556,0.9753051400184631,1.0,0.861781656742096,0.02469490095973015,0.0,0.13821834325790405,0.34786832332611084,0.3664103150367737,0.5118102431297302,9,0,0
117,cluster_00117_unknown,False,9,2,0.2222222222222222,0.9633633494377136,1.0,0.8853799700737,0.036636706441640854,0.0,0.11462002992630005,0.33677709102630615,0.322208434343338,0.42902082204818726,9,0,0
13,cluster_00013_unknown,False,8,0,0.0,0.9574353694915771,1.0,0.831530749797821,0.04256467521190643,0.0,0.16846923530101776,0.38626617193222046,0.35911810398101807,0.5475722551345825,8,0,0
20,cluster_00020_unknown,False,8,7,0.875,0.9977884292602539,1.0,0.9823073744773865,0.002211575163528323,0.0,0.017692601308226585,0.4518941044807434,0.4401020407676697,0.5690330862998962,8,0,0
54,cluster_00054_unknown,False,8,3,0.375,0.9737833738327026,1.0,0.9290266633033752,0.026216646656394005,0.0,0.07097330689430237,0.41528230905532837,0.44660377502441406,0.5675956606864929,8,0,0
75,cluster_00075_unknown,False,8,0,0.0,0.9923021793365479,1.0,0.9720609784126282,0.007697794120758772,0.0,0.027939023450016975,0.43504422903060913,0.447415828704834,0.47464391589164734,8,0,0
77,cluster_00077_unknown,False,8,3,0.375,0.9917809963226318,1.0,0.9541262984275818,0.00821898877620697,0.0,0.045873675495386124,0.38521409034729004,0.3703881502151489,0.5044977068901062,8,0,0
89,cluster_00089_unknown,False,8,1,0.125,0.981859564781189,1.0,0.9248799681663513,0.01814042031764984,0.0,0.07512001693248749,0.3862084150314331,0.37826332449913025,0.5191428065299988,8,0,0
101,cluster_00101_unknown,False,8,3,0.375,0.9618047475814819,1.0,0.8620055913925171,0.03819523751735687,0.0,0.1379944384098053,0.37018662691116333,0.3436547517776489,0.5149065852165222,8,0,0
6,cluster_00006_unknown,False,7,1,0.14285714285714285,0.992039680480957,1.0,0.9721390008926392,0.00796029157936573,0.0,0.02786101959645748,0.42371314764022827,0.41328197717666626,0.5536980628967285,7,0,0
27,cluster_00027_unknown,False,7,1,0.14285714285714285,0.9567486643791199,1.0,0.8358933329582214,0.04325127601623535,0.0,0.16410668194293976,0.3562338054180145,0.33683860301971436,0.46051302552223206,7,0,0
65,cluster_00065_unknown,False,7,2,0.2857142857142857,0.9943088293075562,1.0,0.9762493371963501,0.0056911357678473,0.0,0.023750638589262962,0.4100085198879242,0.40592747926712036,0.4975167512893677,7,0,0
73,cluster_00073_unknown,False,7,1,0.14285714285714285,0.9869909882545471,1.0,0.9268519878387451,0.013009014539420605,0.0,0.07314801961183548,0.3343261182308197,0.3005812168121338,0.42995959520339966,7,0,0
78,cluster_00078_unknown,False,7,0,0.0,0.9784609079360962,1.0,0.8911803960800171,0.021539095789194107,0.0,0.1088196262717247,0.3658581078052521,0.33774304389953613,0.5387571454048157,7,0,0
111,cluster_00111_unknown,False,7,6,0.8571428571428571,0.990864634513855,1.0,0.9661350846290588,0.009135419502854347,0.0,0.03386491537094116,0.4139695465564728,0.40094807744026184,0.5072954297065735,6,0,1
135,cluster_00135_unknown,False,7,3,0.42857142857142855,0.9978896975517273,1.0,0.9922667145729065,0.002110260771587491,0.0,0.0077332910150289536,0.3554902970790863,0.3474564254283905,0.47588297724723816,7,0,0
158,cluster_00158_unknown,False,7,1,0.14285714285714285,0.9961363077163696,1.0,0.9862391352653503,0.0038637283723801374,0.0,0.013760845176875591,0.36566752195358276,0.3215155601501465,0.5047627091407776,7,0,0
173,cluster_00173_unknown,False,7,1,0.14285714285714285,0.9911388158798218,1.0,0.9537471532821655,0.008861222304403782,0.0,0.04625283181667328,0.34349650144577026,0.36436039209365845,0.4561797082424164,7,0,0
0,cluster_00000_unknown,False,6,2,0.3333333333333333,0.9965898990631104,1.0,0.9795393943786621,0.0034100960474461317,0.0,0.020460575819015503,0.4627300798892975,0.4633522629737854,0.49733588099479675,6,0,0
5,cluster_00005_unknown,False,6,2,0.3333333333333333,0.964488685131073,1.0,0.7869318723678589,0.035511355847120285,0.0,0.2130681425333023,0.34956446290016174,0.3108804225921631,0.6099435687065125,6,0,0
32,cluster_00032_unknown,False,6,1,0.16666666666666666,0.983720600605011,1.0,0.9023235440254211,0.01627941057085991,0.0,0.09767646342515945,0.35597383975982666,0.32193729281425476,0.5343499779701233,6,0,0
35,cluster_00035_unknown,False,6,0,0.0,0.9981192946434021,1.0,0.9887155294418335,0.0018807458691298962,0.0,0.011284475214779377,0.416229248046875,0.4068319797515869,0.481340229511261,6,0,0
42,cluster_00042_unknown,False,6,5,0.8333333333333334,0.9996221661567688,1.0,0.9977328777313232,0.0003778544196393341,0.0,0.0022671264596283436,0.4460606575012207,0.4178864061832428,0.6003980040550232,5,1,0
43,cluster_00043_unknown,False,6,3,0.5,0.9947559833526611,1.0,0.9685359001159668,0.0052440171130001545,0.0,0.0314641036093235,0.4032173454761505,0.39870917797088623,0.5503577589988708,6,0,0
44,cluster_00044_unknown,False,6,1,0.16666666666666666,0.9972527027130127,1.0,0.9835162162780762,0.0027472975198179483,0.0,0.016483785584568977,0.3864961862564087,0.38752084970474243,0.44949477910995483,6,0,0
47,cluster_00047_unknown,False,6,0,0.0,0.9994004368782043,1.0,0.9964028000831604,0.0005995367537252605,0.0,0.003597220638766885,0.29814067482948303,0.30905216932296753,0.36227312684059143,6,0,0
52,cluster_00052_unknown,False,6,1,0.16666666666666666,1.0,1.0,1.0,0.0,0.0,0.0,0.35940685868263245,0.35876959562301636,0.4237578809261322,6,0,0
59,cluster_00059_unknown,False,6,0,0.0,0.9981358051300049,1.0,0.9888147711753845,0.0018642080249264836,0.0,0.011185248382389545,0.40319275856018066,0.4106300473213196,0.44639062881469727,6,0,0
72,cluster_00072_unknown,False,6,0,0.0,0.9834490418434143,1.0,0.9006941914558411,0.01655096374452114,0.0,0.09930577874183655,0.31927546858787537,0.3126068115234375,0.42456430196762085,5,1,0
90,cluster_00090_unknown,False,6,2,0.3333333333333333,0.9990320801734924,1.0,0.9941926598548889,0.0009678902570158243,0.0,0.005807341542094946,0.3956286907196045,0.38641858100891113,0.4271024465560913,6,0,0
92,cluster_00092_unknown,False,6,0,0.0,0.9975776672363281,1.0,0.9854662418365479,0.0024222906213253736,0.0,0.014533743262290955,0.35086503624916077,0.3567596673965454,0.3861853778362274,6,0,0
104,cluster_00104_unknown,False,6,1,0.16666666666666666,0.9994497895240784,1.0,0.996698796749115,0.0005502040148712695,0.0,0.003301223972812295,0.40447959303855896,0.411309152841568,0.45497700572013855,6,0,0
126,cluster_00126_unknown,False,6,0,0.0,0.9846188426017761,1.0,0.9077127575874329,0.015381206758320332,0.0,0.09228724241256714,0.3424046039581299,0.3363700211048126,0.40478307008743286,6,0,0
161,cluster_00161_unknown,False,6,4,0.6666666666666666,1.0,1.0,1.0,0.0,0.0,0.0,0.31758251786231995,0.3232901096343994,0.35753434896469116,6,0,0
1,cluster_00001_unknown,False,5,2,0.4,1.0,1.0,1.0,0.0,0.0,0.0,0.37032192945480347,0.39884787797927856,0.44387054443359375,5,0,0
10,cluster_00010_unknown,False,5,4,0.8,1.0,1.0,1.0,0.0,0.0,0.0,0.39566174149513245,0.4022403657436371,0.41802212595939636,5,0,0
11,cluster_00011_unknown,False,5,3,0.6,1.0,1.0,1.0,0.0,0.0,0.0,0.4002787172794342,0.3844747543334961,0.44911491870880127,5,0,0
12,cluster_00012_unknown,False,5,1,0.2,1.0,1.0,1.0,0.0,0.0,0.0,0.3322605490684509,0.33331605792045593,0.41932356357574463,5,0,0
16,cluster_00016_unknown,False,5,1,0.2,1.0,1.0,1.0,0.0,0.0,0.0,0.3542811870574951,0.38199618458747864,0.4093013405799866,5,0,0
19,cluster_00019_unknown,False,5,1,0.2,1.0,1.0,1.0,0.0,0.0,0.0,0.41850271821022034,0.42422419786453247,0.47035494446754456,5,0,0
21,cluster_00021_unknown,False,5,1,0.2,1.0,1.0,1.0,0.0,0.0,0.0,0.352764755487442,0.3465774655342102,0.3975745439529419,5,0,0
22,cluster_00022_unknown,False,5,3,0.6,1.0,1.0,1.0,0.0,0.0,0.0,0.39119118452072144,0.3594925105571747,0.5422973036766052,5,0,0
38,cluster_00038_unknown,False,5,4,0.8,1.0,1.0,1.0,0.0,0.0,0.0,0.41130465269088745,0.399077832698822,0.49031952023506165,5,0,0
40,cluster_00040_unknown,False,5,3,0.6,1.0,1.0,1.0,0.0,0.0,0.0,0.3917194902896881,0.39404118061065674,0.5242246389389038,5,0,0
49,cluster_00049_unknown,False,5,0,0.0,1.0,1.0,1.0,0.0,0.0,0.0,0.28870776295661926,0.26045626401901245,0.3872915208339691,5,0,0
53,cluster_00053_unknown,False,5,0,0.0,1.0,1.0,1.0,0.0,0.0,0.0,0.3438248634338379,0.3321857750415802,0.3868996500968933,5,0,0
82,cluster_00082_unknown,False,5,2,0.4,1.0,1.0,1.0,0.0,0.0,0.0,0.34157878160476685,0.3390811085700989,0.4343659579753876,5,0,0
93,cluster_00093_unknown,False,5,2,0.4,1.0,1.0,1.0,0.0,0.0,0.0,0.46270638704299927,0.46489477157592773,0.6127753257751465,5,0,0
123,cluster_00123_unknown,False,5,0,0.0,1.0,1.0,1.0,0.0,0.0,0.0,0.35940948128700256,0.3495787978172302,0.411048024892807,5,0,0
125,cluster_00125_unknown,False,5,1,0.2,1.0,1.0,1.0,0.0,0.0,0.0,0.3887955844402313,0.37950599193573,0.4952889084815979,5,0,0
133,cluster_00133_unknown,False,5,2,0.4,1.0,1.0,1.0,0.0,0.0,0.0,0.31321993470191956,0.3153820037841797,0.3357759118080139,5,0,0
146,cluster_00146_unknown,False,5,1,0.2,1.0,1.0,1.0,0.0,0.0,0.0,0.3308750092983246,0.34090331196784973,0.3569612503051758,5,0,0
152,cluster_00152_unknown,False,5,2,0.4,1.0,1.0,1.0,0.0,0.0,0.0,0.3269365429878235,0.308849036693573,0.3701864182949066,5,0,0
163,cluster_00163_unknown,False,5,3,0.6,1.0,1.0,1.0,0.0,0.0,0.0,0.3319603502750397,0.3409147262573242,0.39059576392173767,5,0,0
-1,_needs_review_noise,True,9138,9138,1.0,0.0,0.0,0.0,0.6324036121368408,0.6563705205917358,0.7377479076385498,,,,8863,211,64
